[{"model": "university.department", "pk": 1, "fields": {"created_at": "2025-05-06T00:53:17.073Z", "updated_at": "2025-05-06T00:53:17.075Z", "is_active": true, "name": "CSE"}}, {"model": "university.department", "pk": 2, "fields": {"created_at": "2025-05-06T00:53:17.073Z", "updated_at": "2025-05-06T00:53:17.075Z", "is_active": true, "name": "MTH"}}, {"model": "university.department", "pk": 3, "fields": {"created_at": "2025-05-06T00:53:17.073Z", "updated_at": "2025-05-06T00:53:17.075Z", "is_active": true, "name": "PHY"}}, {"model": "university.department", "pk": 4, "fields": {"created_at": "2025-05-06T00:53:17.073Z", "updated_at": "2025-05-06T00:53:17.075Z", "is_active": true, "name": "EEE"}}, {"model": "university.department", "pk": 5, "fields": {"created_at": "2025-05-06T00:53:17.073Z", "updated_at": "2025-05-06T00:53:17.075Z", "is_active": true, "name": "ECO"}}, {"model": "university.department", "pk": 6, "fields": {"created_at": "2025-05-06T00:53:17.073Z", "updated_at": "2025-05-06T00:53:17.075Z", "is_active": true, "name": "MGT"}}, {"model": "university.department", "pk": 7, "fields": {"created_at": "2025-05-06T00:53:17.073Z", "updated_at": "2025-05-06T00:53:17.075Z", "is_active": true, "name": "ENG"}}, {"model": "university.department", "pk": 8, "fields": {"created_at": "2025-05-06T00:53:17.073Z", "updated_at": "2025-05-06T00:53:17.075Z", "is_active": true, "name": "ACT"}}, {"model": "university.room", "pk": 2, "fields": {"created_at": "2025-05-06T00:53:17.077Z", "updated_at": "2025-05-06T00:53:17.081Z", "is_active": true, "name": "1008", "capacity": 40, "is_lab": false, "department": 1}}, {"model": "university.room", "pk": 3, "fields": {"created_at": "2025-05-06T00:53:17.077Z", "updated_at": "2025-05-06T00:53:17.081Z", "is_active": true, "name": "1009", "capacity": 40, "is_lab": false, "department": 1}}, {"model": "university.room", "pk": 4, "fields": {"created_at": "2025-05-06T00:53:17.077Z", "updated_at": "2025-05-06T00:53:17.081Z", "is_active": true, "name": "1011", "capacity": 40, "is_lab": false, "department": 1}}, {"model": "university.room", "pk": 7, "fields": {"created_at": "2025-05-06T00:53:17.077Z", "updated_at": "2025-05-06T00:53:17.081Z", "is_active": true, "name": "1023", "capacity": 40, "is_lab": false, "department": 1}}, {"model": "university.room", "pk": 8, "fields": {"created_at": "2025-05-06T00:53:17.077Z", "updated_at": "2025-05-06T00:53:17.081Z", "is_active": true, "name": "1024", "capacity": 40, "is_lab": false, "department": 1}}, {"model": "university.room", "pk": 9, "fields": {"created_at": "2025-05-06T00:53:17.077Z", "updated_at": "2025-05-06T00:53:17.081Z", "is_active": true, "name": "1025", "capacity": 40, "is_lab": false, "department": 1}}, {"model": "university.room", "pk": 10, "fields": {"created_at": "2025-05-06T00:53:17.077Z", "updated_at": "2025-05-06T00:53:17.081Z", "is_active": true, "name": "1029", "capacity": 40, "is_lab": false, "department": 1}}, {"model": "university.room", "pk": 13, "fields": {"created_at": "2025-05-06T00:53:17.077Z", "updated_at": "2025-05-06T00:53:17.081Z", "is_active": true, "name": "8002", "capacity": 40, "is_lab": true, "department": 4}}, {"model": "university.room", "pk": 14, "fields": {"created_at": "2025-05-06T00:53:17.077Z", "updated_at": "2025-05-06T00:53:17.081Z", "is_active": true, "name": "801", "capacity": 40, "is_lab": true, "department": 3}}, {"model": "university.room", "pk": 15, "fields": {"created_at": "2025-05-06T00:53:17.077Z", "updated_at": "2025-05-06T00:53:17.081Z", "is_active": true, "name": "1030", "capacity": 40, "is_lab": true, "department": 1}}, {"model": "university.room", "pk": 16, "fields": {"created_at": "2025-05-06T00:53:17.077Z", "updated_at": "2025-05-06T00:53:17.081Z", "is_active": true, "name": "1020", "capacity": 40, "is_lab": true, "department": 1}}, {"model": "university.room", "pk": 17, "fields": {"created_at": "2025-05-06T00:53:17.077Z", "updated_at": "2025-05-06T00:53:17.081Z", "is_active": true, "name": "1006", "capacity": 40, "is_lab": false, "department": 1}}, {"model": "university.room", "pk": 18, "fields": {"created_at": "2025-05-06T00:53:17.077Z", "updated_at": "2025-05-06T00:53:17.081Z", "is_active": true, "name": "1004", "capacity": 40, "is_lab": false, "department": 1}}, {"model": "university.room", "pk": 19, "fields": {"created_at": "2025-05-06T00:53:17.077Z", "updated_at": "2025-05-06T00:53:17.081Z", "is_active": true, "name": "1018", "capacity": 40, "is_lab": false, "department": 1}}, {"model": "university.room", "pk": 20, "fields": {"created_at": "2025-05-06T00:53:17.077Z", "updated_at": "2025-05-06T00:53:17.081Z", "is_active": true, "name": "1017", "capacity": 40, "is_lab": false, "department": 1}}, {"model": "university.room", "pk": 21, "fields": {"created_at": "2025-05-06T00:53:17.077Z", "updated_at": "2025-05-06T00:53:17.081Z", "is_active": true, "name": "1015", "capacity": 40, "is_lab": false, "department": 1}}, {"model": "university.timeslot", "pk": 43, "fields": {"created_at": "2025-05-06T00:53:17.090Z", "updated_at": "2025-05-06T00:53:17.094Z", "is_active": true, "day": "Thursday", "slot_number": 1, "start_time": "17:30:00", "end_time": "18:20:00"}}, {"model": "university.timeslot", "pk": 44, "fields": {"created_at": "2025-05-06T00:53:17.090Z", "updated_at": "2025-05-06T00:53:17.094Z", "is_active": true, "day": "Thursday", "slot_number": 2, "start_time": "18:20:00", "end_time": "19:10:00"}}, {"model": "university.timeslot", "pk": 45, "fields": {"created_at": "2025-05-06T00:53:17.090Z", "updated_at": "2025-05-06T00:53:17.094Z", "is_active": true, "day": "Thursday", "slot_number": 3, "start_time": "19:20:00", "end_time": "20:10:00"}}, {"model": "university.timeslot", "pk": 46, "fields": {"created_at": "2025-05-06T00:53:17.090Z", "updated_at": "2025-05-06T00:53:17.094Z", "is_active": true, "day": "Thursday", "slot_number": 4, "start_time": "20:10:00", "end_time": "21:00:00"}}, {"model": "university.timeslot", "pk": 48, "fields": {"created_at": "2025-05-06T00:53:17.090Z", "updated_at": "2025-05-06T00:53:17.094Z", "is_active": true, "day": "Friday", "slot_number": 1, "start_time": "09:00:00", "end_time": "09:50:00"}}, {"model": "university.timeslot", "pk": 49, "fields": {"created_at": "2025-05-06T00:53:17.090Z", "updated_at": "2025-05-06T00:53:17.094Z", "is_active": true, "day": "Friday", "slot_number": 2, "start_time": "09:50:00", "end_time": "10:40:00"}}, {"model": "university.timeslot", "pk": 50, "fields": {"created_at": "2025-05-06T00:53:17.090Z", "updated_at": "2025-05-06T00:53:17.094Z", "is_active": true, "day": "Friday", "slot_number": 3, "start_time": "10:50:00", "end_time": "11:40:00"}}, {"model": "university.timeslot", "pk": 51, "fields": {"created_at": "2025-05-06T00:53:17.090Z", "updated_at": "2025-05-06T00:53:17.094Z", "is_active": true, "day": "Friday", "slot_number": 4, "start_time": "11:40:00", "end_time": "12:30:00"}}, {"model": "university.timeslot", "pk": 52, "fields": {"created_at": "2025-05-06T00:53:17.090Z", "updated_at": "2025-05-06T00:53:17.094Z", "is_active": true, "day": "Friday", "slot_number": 5, "start_time": "14:10:00", "end_time": "15:00:00"}}, {"model": "university.timeslot", "pk": 53, "fields": {"created_at": "2025-05-06T00:53:17.090Z", "updated_at": "2025-05-06T00:53:17.094Z", "is_active": true, "day": "Friday", "slot_number": 6, "start_time": "15:00:00", "end_time": "16:40:00"}}, {"model": "university.timeslot", "pk": 54, "fields": {"created_at": "2025-05-06T00:53:17.090Z", "updated_at": "2025-05-06T00:53:17.094Z", "is_active": true, "day": "Friday", "slot_number": 7, "start_time": "16:50:00", "end_time": "17:40:00"}}, {"model": "university.timeslot", "pk": 55, "fields": {"created_at": "2025-05-06T00:53:17.090Z", "updated_at": "2025-05-06T00:53:17.094Z", "is_active": true, "day": "Friday", "slot_number": 8, "start_time": "17:40:00", "end_time": "18:30:00"}}, {"model": "university.timeslot", "pk": 56, "fields": {"created_at": "2025-05-06T00:53:17.090Z", "updated_at": "2025-05-06T00:53:17.094Z", "is_active": true, "day": "Friday", "slot_number": 9, "start_time": "18:50:00", "end_time": "19:40:00"}}, {"model": "university.timeslot", "pk": 57, "fields": {"created_at": "2025-05-06T00:53:17.090Z", "updated_at": "2025-05-06T00:53:17.094Z", "is_active": true, "day": "Friday", "slot_number": 10, "start_time": "19:40:00", "end_time": "20:30:00"}}, {"model": "university.timeslot", "pk": 58, "fields": {"created_at": "2025-05-06T00:53:17.090Z", "updated_at": "2025-05-06T00:53:17.094Z", "is_active": true, "day": "Saturday", "slot_number": 1, "start_time": "17:30:00", "end_time": "18:20:00"}}, {"model": "university.timeslot", "pk": 59, "fields": {"created_at": "2025-05-06T00:53:17.090Z", "updated_at": "2025-05-06T00:53:17.094Z", "is_active": true, "day": "Saturday", "slot_number": 2, "start_time": "18:20:00", "end_time": "19:10:00"}}, {"model": "university.timeslot", "pk": 60, "fields": {"created_at": "2025-05-06T00:53:17.090Z", "updated_at": "2025-05-06T00:53:17.094Z", "is_active": true, "day": "Saturday", "slot_number": 3, "start_time": "19:20:00", "end_time": "20:10:00"}}, {"model": "university.timeslot", "pk": 61, "fields": {"created_at": "2025-05-06T00:53:17.090Z", "updated_at": "2025-05-06T00:53:17.094Z", "is_active": true, "day": "Saturday", "slot_number": 4, "start_time": "20:10:00", "end_time": "21:00:00"}}, {"model": "university.teacher", "pk": 1, "fields": {"created_at": "2025-05-06T00:53:17.083Z", "updated_at": "2025-05-06T01:58:46.615Z", "is_active": true, "name": "AA", "initial": "AA", "department": 2, "max_classes_per_week": 10, "is_assigned": true, "minimum_classes_per_day": 2, "preferred_time_slots": [], "preferred_courses": []}}, {"model": "university.teacher", "pk": 3, "fields": {"created_at": "2025-05-06T00:53:17.083Z", "updated_at": "2025-05-06T01:58:59.295Z", "is_active": true, "name": "FAN", "initial": "FAN", "department": 1, "max_classes_per_week": 10, "is_assigned": true, "minimum_classes_per_day": 2, "preferred_time_slots": [], "preferred_courses": []}}, {"model": "university.teacher", "pk": 4, "fields": {"created_at": "2025-05-06T00:53:17.083Z", "updated_at": "2025-05-06T01:59:03.718Z", "is_active": true, "name": "EAT", "initial": "EAT", "department": 1, "max_classes_per_week": 10, "is_assigned": true, "minimum_classes_per_day": 2, "preferred_time_slots": [], "preferred_courses": []}}, {"model": "university.teacher", "pk": 6, "fields": {"created_at": "2025-05-06T00:53:17.083Z", "updated_at": "2025-05-06T01:58:57.593Z", "is_active": true, "name": "SS", "initial": "SS", "department": 1, "max_classes_per_week": 10, "is_assigned": true, "minimum_classes_per_day": 2, "preferred_time_slots": [], "preferred_courses": []}}, {"model": "university.teacher", "pk": 7, "fields": {"created_at": "2025-05-06T00:53:17.083Z", "updated_at": "2025-05-06T01:59:05.141Z", "is_active": true, "name": "CSI", "initial": "CSI", "department": 1, "max_classes_per_week": 10, "is_assigned": true, "minimum_classes_per_day": 2, "preferred_time_slots": [], "preferred_courses": []}}, {"model": "university.teacher", "pk": 8, "fields": {"created_at": "2025-05-06T00:53:17.083Z", "updated_at": "2025-05-06T01:59:05.817Z", "is_active": true, "name": "PSK", "initial": "PSK", "department": 1, "max_classes_per_week": 10, "is_assigned": true, "minimum_classes_per_day": 2, "preferred_time_slots": [], "preferred_courses": []}}, {"model": "university.teacher", "pk": 9, "fields": {"created_at": "2025-05-06T00:53:17.083Z", "updated_at": "2025-05-06T01:58:49.125Z", "is_active": true, "name": "HA", "initial": "HA", "department": 5, "max_classes_per_week": 10, "is_assigned": true, "minimum_classes_per_day": 2, "preferred_time_slots": [], "preferred_courses": []}}, {"model": "university.teacher", "pk": 10, "fields": {"created_at": "2025-05-06T00:53:17.083Z", "updated_at": "2025-05-06T01:58:48.471Z", "is_active": true, "name": "JF", "initial": "JF", "department": 1, "max_classes_per_week": 10, "is_assigned": true, "minimum_classes_per_day": 2, "preferred_time_slots": [], "preferred_courses": []}}, {"model": "university.teacher", "pk": 11, "fields": {"created_at": "2025-05-06T00:53:17.083Z", "updated_at": "2025-05-06T01:59:02.093Z", "is_active": true, "name": "MMH", "initial": "MMH", "department": 1, "max_classes_per_week": 10, "is_assigned": true, "minimum_classes_per_day": 2, "preferred_time_slots": [], "preferred_courses": []}}, {"model": "university.teacher", "pk": 12, "fields": {"created_at": "2025-05-06T00:53:17.083Z", "updated_at": "2025-05-06T01:58:49.740Z", "is_active": true, "name": "MC", "initial": "MC", "department": 3, "max_classes_per_week": 10, "is_assigned": true, "minimum_classes_per_day": 2, "preferred_time_slots": [], "preferred_courses": []}}, {"model": "university.teacher", "pk": 13, "fields": {"created_at": "2025-05-06T00:53:17.083Z", "updated_at": "2025-05-06T01:58:53.933Z", "is_active": true, "name": "SM", "initial": "SM", "department": 4, "max_classes_per_week": 10, "is_assigned": true, "minimum_classes_per_day": 2, "preferred_time_slots": [], "preferred_courses": []}}, {"model": "university.teacher", "pk": 15, "fields": {"created_at": "2025-05-06T00:53:17.083Z", "updated_at": "2025-05-06T01:59:01.378Z", "is_active": true, "name": "JAF", "initial": "JAF", "department": 1, "max_classes_per_week": 10, "is_assigned": true, "minimum_classes_per_day": 2, "preferred_time_slots": [], "preferred_courses": []}}, {"model": "university.teacher", "pk": 16, "fields": {"created_at": "2025-05-06T00:53:17.083Z", "updated_at": "2025-05-06T01:58:51.450Z", "is_active": true, "name": "MR", "initial": "MR", "department": 1, "max_classes_per_week": 10, "is_assigned": true, "minimum_classes_per_day": 2, "preferred_time_slots": [], "preferred_courses": []}}, {"model": "university.teacher", "pk": 17, "fields": {"created_at": "2025-05-06T00:53:17.083Z", "updated_at": "2025-05-06T01:58:53.681Z", "is_active": true, "name": "MBUT", "initial": "MBUT", "department": 1, "max_classes_per_week": 10, "is_assigned": true, "minimum_classes_per_day": 2, "preferred_time_slots": [], "preferred_courses": []}}, {"model": "university.teacher", "pk": 19, "fields": {"created_at": "2025-05-06T00:53:17.083Z", "updated_at": "2025-05-06T01:58:49.886Z", "is_active": true, "name": "TA", "initial": "TA", "department": 2, "max_classes_per_week": 10, "is_assigned": true, "minimum_classes_per_day": 2, "preferred_time_slots": [], "preferred_courses": []}}, {"model": "university.teacher", "pk": 20, "fields": {"created_at": "2025-05-06T00:53:17.083Z", "updated_at": "2025-05-06T01:58:50.108Z", "is_active": true, "name": "EK", "initial": "EK", "department": 4, "max_classes_per_week": 10, "is_assigned": true, "minimum_classes_per_day": 2, "preferred_time_slots": [], "preferred_courses": []}}, {"model": "university.teacher", "pk": 21, "fields": {"created_at": "2025-05-06T00:53:17.083Z", "updated_at": "2025-05-06T01:58:54.898Z", "is_active": true, "name": "SAF", "initial": "SAF", "department": 6, "max_classes_per_week": 10, "is_assigned": true, "minimum_classes_per_day": 2, "preferred_time_slots": [], "preferred_courses": []}}, {"model": "university.teacher", "pk": 22, "fields": {"created_at": "2025-05-06T00:53:17.083Z", "updated_at": "2025-05-06T01:58:56.403Z", "is_active": true, "name": "FUM", "initial": "FUM", "department": 7, "max_classes_per_week": 10, "is_assigned": true, "minimum_classes_per_day": 2, "preferred_time_slots": [], "preferred_courses": []}}, {"model": "university.teacher", "pk": 23, "fields": {"created_at": "2025-05-06T00:53:17.083Z", "updated_at": "2025-05-06T01:58:56.644Z", "is_active": true, "name": "TH", "initial": "TH", "department": 8, "max_classes_per_week": 10, "is_assigned": true, "minimum_classes_per_day": 2, "preferred_time_slots": [], "preferred_courses": []}}, {"model": "university.teacher", "pk": 24, "fields": {"created_at": "2025-05-06T00:53:17.083Z", "updated_at": "2025-05-06T01:58:46.347Z", "is_active": true, "name": "SKJ", "initial": "SKJ", "department": 4, "max_classes_per_week": 10, "is_assigned": true, "minimum_classes_per_day": 2, "preferred_time_slots": [], "preferred_courses": []}}, {"model": "university.teacher", "pk": 25, "fields": {"created_at": "2025-05-06T00:53:17.083Z", "updated_at": "2025-05-06T01:58:49.064Z", "is_active": true, "name": "SA", "initial": "SA", "department": 1, "max_classes_per_week": 10, "is_assigned": true, "minimum_classes_per_day": 2, "preferred_time_slots": [], "preferred_courses": []}}, {"model": "university.teacher", "pk": 27, "fields": {"created_at": "2025-05-06T00:53:17.083Z", "updated_at": "2025-05-06T01:58:58.457Z", "is_active": true, "name": "KIA", "initial": "KIA", "department": 1, "max_classes_per_week": 10, "is_assigned": true, "minimum_classes_per_day": 2, "preferred_time_slots": [], "preferred_courses": []}}, {"model": "university.teacher", "pk": 28, "fields": {"created_at": "2025-05-06T00:53:17.083Z", "updated_at": "2025-05-06T01:58:46.200Z", "is_active": true, "name": "KTT", "initial": "KTT", "department": 4, "max_classes_per_week": 10, "is_assigned": true, "minimum_classes_per_day": 2, "preferred_time_slots": [], "preferred_courses": []}}, {"model": "university.teacher", "pk": 29, "fields": {"created_at": "2025-05-06T00:53:17.083Z", "updated_at": "2025-05-06T01:58:56.926Z", "is_active": true, "name": "RDG", "initial": "RDG", "department": 4, "max_classes_per_week": 10, "is_assigned": true, "minimum_classes_per_day": 2, "preferred_time_slots": [], "preferred_courses": []}}, {"model": "university.teacher", "pk": 31, "fields": {"created_at": "2025-05-06T01:11:50.975Z", "updated_at": "2025-05-06T01:58:56.562Z", "is_active": true, "name": "TAN", "initial": "TAN", "department": 2, "max_classes_per_week": 10, "is_assigned": true, "minimum_classes_per_day": 2, "preferred_time_slots": [], "preferred_courses": []}}, {"model": "university.teacher", "pk": 32, "fields": {"created_at": "2025-05-06T01:12:19.843Z", "updated_at": "2025-05-06T01:58:54.670Z", "is_active": true, "name": "AKG", "initial": "AKG", "department": 1, "max_classes_per_week": 10, "is_assigned": true, "minimum_classes_per_day": 2, "preferred_time_slots": [], "preferred_courses": []}}, {"model": "university.teacher", "pk": 33, "fields": {"created_at": "2025-05-06T01:14:58.118Z", "updated_at": "2025-05-06T01:59:00.114Z", "is_active": true, "name": "MSB", "initial": "MSB", "department": 1, "max_classes_per_week": 10, "is_assigned": true, "minimum_classes_per_day": 2, "preferred_time_slots": [], "preferred_courses": []}}, {"model": "university.teacher", "pk": 34, "fields": {"created_at": "2025-05-06T01:15:08.331Z", "updated_at": "2025-05-06T01:59:04.230Z", "is_active": true, "name": "FN", "initial": "FN", "department": 1, "max_classes_per_week": 10, "is_assigned": true, "minimum_classes_per_day": 2, "preferred_time_slots": [], "preferred_courses": []}}, {"model": "university.teacher", "pk": 35, "fields": {"created_at": "2025-05-06T01:16:26.076Z", "updated_at": "2025-05-06T01:59:02.922Z", "is_active": true, "name": "SAS", "initial": "SAS", "department": 1, "max_classes_per_week": 10, "is_assigned": true, "minimum_classes_per_day": 2, "preferred_time_slots": [], "preferred_courses": []}}, {"model": "university.course", "pk": 1, "fields": {"created_at": "2025-05-06T00:53:17.067Z", "updated_at": "2025-05-06T01:58:46.615Z", "is_active": true, "code": "MTH-101", "name": "Mathematics-1", "credit": 3.0, "department": 2, "semester": 1, "sessions_per_week": 2, "duration_per_session": 1, "is_lab": false, "is_assigned": true}}, {"model": "university.course", "pk": 2, "fields": {"created_at": "2025-05-06T00:53:17.067Z", "updated_at": "2025-05-06T01:58:47.033Z", "is_active": true, "code": "CSE-123", "name": "Discrete Mathematics", "credit": 3.0, "department": 1, "semester": 2, "sessions_per_week": 2, "duration_per_session": 1, "is_lab": false, "is_assigned": true}}, {"model": "university.course", "pk": 3, "fields": {"created_at": "2025-05-06T00:53:17.067Z", "updated_at": "2025-05-06T01:58:46.110Z", "is_active": true, "code": "CSE-132", "name": "Data Structure Sessional", "credit": 1.5, "department": 1, "semester": 3, "sessions_per_week": 1, "duration_per_session": 2, "is_lab": true, "is_assigned": true}}, {"model": "university.course", "pk": 4, "fields": {"created_at": "2025-05-06T00:53:17.067Z", "updated_at": "2025-05-06T01:58:47.494Z", "is_active": true, "code": "CSE-235", "name": "Computer Architecture", "credit": 3.0, "department": 1, "semester": 4, "sessions_per_week": 2, "duration_per_session": 1, "is_lab": false, "is_assigned": true}}, {"model": "university.course", "pk": 5, "fields": {"created_at": "2025-05-06T00:53:17.067Z", "updated_at": "2025-05-06T01:58:47.982Z", "is_active": true, "code": "CSE-213", "name": "Digital Logic Design", "credit": 3.0, "department": 1, "semester": 6, "sessions_per_week": 2, "duration_per_session": 1, "is_lab": false, "is_assigned": true}}, {"model": "university.course", "pk": 6, "fields": {"created_at": "2025-05-06T00:53:17.067Z", "updated_at": "2025-05-06T01:58:46.135Z", "is_active": true, "code": "CSE-324", "name": "Compiler Sessional", "credit": 1.5, "department": 1, "semester": 7, "sessions_per_week": 1, "duration_per_session": 2, "is_lab": true, "is_assigned": true}}, {"model": "university.course", "pk": 7, "fields": {"created_at": "2025-05-06T00:53:17.067Z", "updated_at": "2025-05-06T01:58:48.471Z", "is_active": true, "code": "CSE-331", "name": "Computer Network", "credit": 3.0, "department": 1, "semester": 8, "sessions_per_week": 2, "duration_per_session": 1, "is_lab": false, "is_assigned": true}}, {"model": "university.course", "pk": 8, "fields": {"created_at": "2025-05-06T00:53:17.067Z", "updated_at": "2025-05-06T01:58:49.063Z", "is_active": true, "code": "CSE-311", "name": "Artificial Intelligence", "credit": 3.0, "department": 1, "semester": 9, "sessions_per_week": 2, "duration_per_session": 1, "is_lab": false, "is_assigned": true}}, {"model": "university.course", "pk": 9, "fields": {"created_at": "2025-05-06T00:53:17.067Z", "updated_at": "2025-05-06T01:58:49.124Z", "is_active": true, "code": "ECO-201", "name": "Engineering Economics", "credit": 3.0, "department": 5, "semester": 1, "sessions_per_week": 2, "duration_per_session": 1, "is_lab": false, "is_assigned": true}}, {"model": "university.course", "pk": 10, "fields": {"created_at": "2025-05-06T00:53:17.067Z", "updated_at": "2025-05-06T01:58:49.668Z", "is_active": true, "code": "CSE-231", "name": "Operating Systems", "credit": 3.0, "department": 1, "semester": 6, "sessions_per_week": 2, "duration_per_session": 1, "is_lab": false, "is_assigned": true}}, {"model": "university.course", "pk": 11, "fields": {"created_at": "2025-05-06T00:53:17.067Z", "updated_at": "2025-05-06T00:53:59.880Z", "is_active": false, "code": "CSE-341", "name": "VLSI Design", "credit": 3.0, "department": 1, "semester": 8, "sessions_per_week": 2, "duration_per_session": 1, "is_lab": false, "is_assigned": false}}, {"model": "university.course", "pk": 12, "fields": {"created_at": "2025-05-06T00:53:17.067Z", "updated_at": "2025-05-06T01:58:49.740Z", "is_active": true, "code": "PHY-101", "name": "Physics", "credit": 3.0, "department": 3, "semester": 2, "sessions_per_week": 2, "duration_per_session": 1, "is_lab": false, "is_assigned": true}}, {"model": "university.course", "pk": 13, "fields": {"created_at": "2025-05-06T00:53:17.067Z", "updated_at": "2025-05-06T01:58:49.885Z", "is_active": true, "code": "MTH-105", "name": "Mathematics-III", "credit": 3.0, "department": 2, "semester": 3, "sessions_per_week": 2, "duration_per_session": 1, "is_lab": false, "is_assigned": true}}, {"model": "university.course", "pk": 14, "fields": {"created_at": "2025-05-06T00:53:17.067Z", "updated_at": "2025-05-06T01:58:50.107Z", "is_active": true, "code": "EEE-201", "name": "Electrical Drives and Instrumentation", "credit": 3.0, "department": 4, "semester": 4, "sessions_per_week": 2, "duration_per_session": 1, "is_lab": false, "is_assigned": true}}, {"model": "university.course", "pk": 15, "fields": {"created_at": "2025-05-06T00:53:17.067Z", "updated_at": "2025-05-06T01:58:50.762Z", "is_active": true, "code": "CSE-344", "name": "Advanced Object Oriented Programming", "credit": 3.0, "department": 1, "semester": 5, "sessions_per_week": 2, "duration_per_session": 1, "is_lab": false, "is_assigned": true}}, {"model": "university.course", "pk": 16, "fields": {"created_at": "2025-05-06T00:53:17.067Z", "updated_at": "2025-05-06T01:58:46.161Z", "is_active": true, "code": "CSE-232", "name": "Operating Systems Sessional", "credit": 1.5, "department": 1, "semester": 6, "sessions_per_week": 1, "duration_per_session": 2, "is_lab": true, "is_assigned": true}}, {"model": "university.course", "pk": 17, "fields": {"created_at": "2025-05-06T00:53:17.067Z", "updated_at": "2025-05-06T01:58:51.450Z", "is_active": true, "code": "CSE-323", "name": "Compiler", "credit": 3.0, "department": 1, "semester": 7, "sessions_per_week": 2, "duration_per_session": 1, "is_lab": false, "is_assigned": true}}, {"model": "university.course", "pk": 18, "fields": {"created_at": "2025-05-06T00:53:17.067Z", "updated_at": "2025-05-06T01:58:52.072Z", "is_active": true, "code": "CSE-335", "name": "Computer Graphics", "credit": 3.0, "department": 1, "semester": 8, "sessions_per_week": 2, "duration_per_session": 1, "is_lab": false, "is_assigned": true}}, {"model": "university.course", "pk": 19, "fields": {"created_at": "2025-05-06T00:53:17.067Z", "updated_at": "2025-05-06T01:58:52.815Z", "is_active": true, "code": "CSE-459", "name": "Internet of Things", "credit": 3.0, "department": 1, "semester": 9, "sessions_per_week": 2, "duration_per_session": 1, "is_lab": false, "is_assigned": true}}, {"model": "university.course", "pk": 20, "fields": {"created_at": "2025-05-06T00:53:17.067Z", "updated_at": "2025-05-06T01:58:53.680Z", "is_active": true, "code": "CSE-453", "name": "Digital Image Processing", "credit": 3.0, "department": 1, "semester": 10, "sessions_per_week": 2, "duration_per_session": 1, "is_lab": false, "is_assigned": true}}, {"model": "university.course", "pk": 21, "fields": {"created_at": "2025-05-06T00:53:17.067Z", "updated_at": "2025-05-06T01:58:53.932Z", "is_active": true, "code": "EEE-101", "name": "Introduction to Electrical Engineering", "credit": 3.0, "department": 4, "semester": 2, "sessions_per_week": 2, "duration_per_session": 1, "is_lab": false, "is_assigned": true}}, {"model": "university.course", "pk": 22, "fields": {"created_at": "2025-05-06T00:53:17.067Z", "updated_at": "2025-05-06T01:58:54.670Z", "is_active": true, "code": "CSE-131", "name": "Data Structure", "credit": 3.0, "department": 1, "semester": 3, "sessions_per_week": 2, "duration_per_session": 1, "is_lab": false, "is_assigned": true}}, {"model": "university.course", "pk": 23, "fields": {"created_at": "2025-05-06T00:53:17.067Z", "updated_at": "2025-05-06T01:58:54.819Z", "is_active": true, "code": "MTH-207", "name": "Mathematics-IV", "credit": 3.0, "department": 2, "semester": 4, "sessions_per_week": 2, "duration_per_session": 1, "is_lab": false, "is_assigned": true}}, {"model": "university.course", "pk": 24, "fields": {"created_at": "2025-05-06T00:53:17.067Z", "updated_at": "2025-05-06T01:58:54.897Z", "is_active": true, "code": "MGT-201", "name": "Industrial and Operational Management", "credit": 3.0, "department": 6, "semester": 7, "sessions_per_week": 2, "duration_per_session": 1, "is_lab": false, "is_assigned": true}}, {"model": "university.course", "pk": 25, "fields": {"created_at": "2025-05-06T00:53:17.067Z", "updated_at": "2025-05-06T01:58:55.571Z", "is_active": true, "code": "CSE-317", "name": "Data Communication", "credit": 3.0, "department": 1, "semester": 8, "sessions_per_week": 2, "duration_per_session": 1, "is_lab": false, "is_assigned": true}}, {"model": "university.course", "pk": 26, "fields": {"created_at": "2025-05-06T00:53:17.067Z", "updated_at": "2025-05-06T01:58:56.325Z", "is_active": true, "code": "CSE-121", "name": "Structured Programming Language", "credit": 3.0, "department": 1, "semester": 1, "sessions_per_week": 2, "duration_per_session": 1, "is_lab": false, "is_assigned": true}}, {"model": "university.course", "pk": 27, "fields": {"created_at": "2025-05-06T00:53:17.067Z", "updated_at": "2025-05-06T01:58:46.189Z", "is_active": true, "code": "CSE-122", "name": "Structured Programming Language Sessional", "credit": 1.5, "department": 1, "semester": 1, "sessions_per_week": 1, "duration_per_session": 2, "is_lab": true, "is_assigned": true}}, {"model": "university.course", "pk": 28, "fields": {"created_at": "2025-05-06T00:53:17.067Z", "updated_at": "2025-05-06T01:58:56.403Z", "is_active": true, "code": "ENG-101", "name": "Foundation English", "credit": 3.0, "department": 7, "semester": 1, "sessions_per_week": 2, "duration_per_session": 1, "is_lab": false, "is_assigned": true}}, {"model": "university.course", "pk": 29, "fields": {"created_at": "2025-05-06T00:53:17.067Z", "updated_at": "2025-05-06T01:58:46.200Z", "is_active": true, "code": "EEE-102", "name": "Introduction to Electrical Engineering Sessiona", "credit": 1.5, "department": 4, "semester": 2, "sessions_per_week": 1, "duration_per_session": 2, "is_lab": true, "is_assigned": true}}, {"model": "university.course", "pk": 30, "fields": {"created_at": "2025-05-06T00:53:17.067Z", "updated_at": "2025-05-06T01:58:56.561Z", "is_active": true, "code": "MTH-103", "name": "Mathematics-II", "credit": 3.0, "department": 2, "semester": 2, "sessions_per_week": 2, "duration_per_session": 1, "is_lab": false, "is_assigned": true}}, {"model": "university.course", "pk": 31, "fields": {"created_at": "2025-05-06T00:53:17.067Z", "updated_at": "2025-05-06T01:58:56.644Z", "is_active": true, "code": "ACT-201", "name": "Financial & Managerial Accounting", "credit": 3.0, "department": 8, "semester": 3, "sessions_per_week": 2, "duration_per_session": 1, "is_lab": false, "is_assigned": true}}, {"model": "university.course", "pk": 32, "fields": {"created_at": "2025-05-06T00:53:17.067Z", "updated_at": "2025-05-06T01:58:56.925Z", "is_active": true, "code": "EEE-103", "name": "Electronics Device and Circuits", "credit": 3.0, "department": 4, "semester": 3, "sessions_per_week": 2, "duration_per_session": 1, "is_lab": false, "is_assigned": true}}, {"model": "university.course", "pk": 33, "fields": {"created_at": "2025-05-06T00:53:17.067Z", "updated_at": "2025-05-06T01:58:57.593Z", "is_active": true, "code": "CSE-211", "name": "Object Oriented Programming", "credit": 3.0, "department": 1, "semester": 4, "sessions_per_week": 2, "duration_per_session": 1, "is_lab": false, "is_assigned": true}}, {"model": "university.course", "pk": 34, "fields": {"created_at": "2025-05-06T00:53:17.067Z", "updated_at": "2025-05-06T01:58:46.230Z", "is_active": true, "code": "CSE-212", "name": "Object Oriented Programming Sessional", "credit": 1.5, "department": 1, "semester": 4, "sessions_per_week": 1, "duration_per_session": 2, "is_lab": true, "is_assigned": true}}, {"model": "university.course", "pk": 35, "fields": {"created_at": "2025-05-06T00:53:17.067Z", "updated_at": "2025-05-06T01:58:58.457Z", "is_active": true, "code": "CSE-133", "name": "Numerical Methods", "credit": 3.0, "department": 1, "semester": 5, "sessions_per_week": 2, "duration_per_session": 1, "is_lab": false, "is_assigned": true}}, {"model": "university.course", "pk": 36, "fields": {"created_at": "2025-05-06T00:53:17.067Z", "updated_at": "2025-05-06T01:58:46.261Z", "is_active": true, "code": "CSE-222", "name": "Algorithm Sessional", "credit": 1.5, "department": 1, "semester": 5, "sessions_per_week": 1, "duration_per_session": 2, "is_lab": true, "is_assigned": true}}, {"model": "university.course", "pk": 37, "fields": {"created_at": "2025-05-06T00:53:17.067Z", "updated_at": "2025-05-06T01:58:46.294Z", "is_active": true, "code": "CSE-224", "name": "Database Management Systems Sessional", "credit": 1.5, "department": 1, "semester": 5, "sessions_per_week": 1, "duration_per_session": 2, "is_lab": true, "is_assigned": true}}, {"model": "university.course", "pk": 38, "fields": {"created_at": "2025-05-06T00:53:17.067Z", "updated_at": "2025-05-06T01:58:59.295Z", "is_active": true, "code": "CSE-223", "name": "Database Management Systems", "credit": 3.0, "department": 1, "semester": 5, "sessions_per_week": 2, "duration_per_session": 1, "is_lab": false, "is_assigned": true}}, {"model": "university.course", "pk": 39, "fields": {"created_at": "2025-05-06T00:53:17.067Z", "updated_at": "2025-05-06T01:59:00.114Z", "is_active": true, "code": "CSE-221", "name": "Algorithms", "credit": 3.0, "department": 1, "semester": 5, "sessions_per_week": 2, "duration_per_session": 1, "is_lab": false, "is_assigned": true}}, {"model": "university.course", "pk": 40, "fields": {"created_at": "2025-05-06T00:53:17.067Z", "updated_at": "2025-05-06T01:59:00.602Z", "is_active": true, "code": "CSE-214", "name": "Digital Logic Design Sessional", "credit": 1.5, "department": 1, "semester": 6, "sessions_per_week": 1, "duration_per_session": 2, "is_lab": false, "is_assigned": true}}, {"model": "university.course", "pk": 41, "fields": {"created_at": "2025-05-06T00:53:17.067Z", "updated_at": "2025-05-06T01:59:01.378Z", "is_active": true, "code": "CSE-233", "name": "System Analysis and Design", "credit": 3.0, "department": 1, "semester": 6, "sessions_per_week": 2, "duration_per_session": 1, "is_lab": false, "is_assigned": true}}, {"model": "university.course", "pk": 42, "fields": {"created_at": "2025-05-06T00:53:17.067Z", "updated_at": "2025-05-06T01:59:02.092Z", "is_active": true, "code": "CSE-315", "name": "Theory of Computing", "credit": 3.0, "department": 1, "semester": 6, "sessions_per_week": 2, "duration_per_session": 1, "is_lab": false, "is_assigned": true}}, {"model": "university.course", "pk": 43, "fields": {"created_at": "2025-05-06T00:53:17.067Z", "updated_at": "2025-05-06T01:59:02.922Z", "is_active": true, "code": "CSE-321", "name": "Software Engineering", "credit": 3.0, "department": 1, "semester": 7, "sessions_per_week": 2, "duration_per_session": 1, "is_lab": false, "is_assigned": true}}, {"model": "university.course", "pk": 44, "fields": {"created_at": "2025-05-06T00:53:17.067Z", "updated_at": "2025-05-06T01:59:03.718Z", "is_active": true, "code": "CSE-313", "name": "Microprocessors and Microcontroller", "credit": 3.0, "department": 1, "semester": 7, "sessions_per_week": 2, "duration_per_session": 1, "is_lab": false, "is_assigned": true}}, {"model": "university.course", "pk": 45, "fields": {"created_at": "2025-05-06T00:53:17.067Z", "updated_at": "2025-05-06T01:59:04.230Z", "is_active": true, "code": "CSE-314", "name": "Microprocessors and Microcontroller Sessional", "credit": 1.5, "department": 1, "semester": 7, "sessions_per_week": 1, "duration_per_session": 2, "is_lab": false, "is_assigned": true}}, {"model": "university.course", "pk": 46, "fields": {"created_at": "2025-05-06T00:53:17.067Z", "updated_at": "2025-05-06T01:58:46.326Z", "is_active": true, "code": "CSE-336", "name": "Computer Graphics Sessional", "credit": 1.5, "department": 1, "semester": 8, "sessions_per_week": 1, "duration_per_session": 2, "is_lab": true, "is_assigned": true}}, {"model": "university.course", "pk": 47, "fields": {"created_at": "2025-05-06T00:53:17.067Z", "updated_at": "2025-05-06T00:53:49.868Z", "is_active": false, "code": "CSE-342", "name": "VLSI Design Sessional", "credit": 1.5, "department": 1, "semester": 8, "sessions_per_week": 1, "duration_per_session": 2, "is_lab": true, "is_assigned": false}}, {"model": "university.course", "pk": 48, "fields": {"created_at": "2025-05-06T00:53:17.067Z", "updated_at": "2025-05-06T01:59:05.140Z", "is_active": true, "code": "CSE-417", "name": "Project Management", "credit": 3.0, "department": 1, "semester": 9, "sessions_per_week": 2, "duration_per_session": 1, "is_lab": false, "is_assigned": true}}, {"model": "university.course", "pk": 49, "fields": {"created_at": "2025-05-06T00:53:17.067Z", "updated_at": "2025-05-06T01:58:46.333Z", "is_active": true, "code": "PHY-102", "name": "Physics Sessional", "credit": 1.5, "department": 3, "semester": 2, "sessions_per_week": 1, "duration_per_session": 2, "is_lab": true, "is_assigned": true}}, {"model": "university.course", "pk": 50, "fields": {"created_at": "2025-05-06T00:53:17.067Z", "updated_at": "2025-05-06T01:58:46.347Z", "is_active": true, "code": "EEE-104", "name": "Electronics Device and Circuits Sessional", "credit": 1.5, "department": 4, "semester": 3, "sessions_per_week": 1, "duration_per_session": 2, "is_lab": true, "is_assigned": true}}, {"model": "university.course", "pk": 51, "fields": {"created_at": "2025-05-06T00:53:17.067Z", "updated_at": "2025-05-06T01:58:46.359Z", "is_active": true, "code": "EEE-202", "name": "Electrical Drives and Instrumentation Sessional", "credit": 1.5, "department": 4, "semester": 4, "sessions_per_week": 1, "duration_per_session": 2, "is_lab": true, "is_assigned": true}}, {"model": "university.course", "pk": 52, "fields": {"created_at": "2025-05-06T00:53:17.067Z", "updated_at": "2025-05-06T01:58:46.391Z", "is_active": true, "code": "CSE-234", "name": "System Analysis and Design Sessional", "credit": 1.5, "department": 1, "semester": 6, "sessions_per_week": 1, "duration_per_session": 2, "is_lab": true, "is_assigned": true}}, {"model": "university.course", "pk": 53, "fields": {"created_at": "2025-05-06T00:53:17.067Z", "updated_at": "2025-05-06T01:58:46.425Z", "is_active": true, "code": "CSE-322", "name": "Software Engineering Sessional", "credit": 1.5, "department": 1, "semester": 7, "sessions_per_week": 1, "duration_per_session": 2, "is_lab": true, "is_assigned": true}}, {"model": "university.course", "pk": 54, "fields": {"created_at": "2025-05-06T00:53:17.067Z", "updated_at": "2025-05-06T01:58:46.457Z", "is_active": true, "code": "CSE-332", "name": "Computer Network Sessional", "credit": 1.5, "department": 1, "semester": 8, "sessions_per_week": 1, "duration_per_session": 2, "is_lab": true, "is_assigned": true}}, {"model": "university.course", "pk": 55, "fields": {"created_at": "2025-05-06T00:53:17.067Z", "updated_at": "2025-05-06T01:58:46.488Z", "is_active": true, "code": "CSE-312", "name": "Artificial Intelligence Sessional", "credit": 1.5, "department": 1, "semester": 9, "sessions_per_week": 1, "duration_per_session": 2, "is_lab": true, "is_assigned": true}}, {"model": "university.course", "pk": 56, "fields": {"created_at": "2025-05-06T00:53:17.067Z", "updated_at": "2025-05-06T01:59:05.816Z", "is_active": true, "code": "CSE-345", "name": "Jana Nai / Alternative of VLSI", "credit": 3.0, "department": 1, "semester": 8, "sessions_per_week": 2, "duration_per_session": 1, "is_lab": false, "is_assigned": true}}, {"model": "university.course", "pk": 57, "fields": {"created_at": "2025-05-06T00:53:17.067Z", "updated_at": "2025-05-06T01:58:46.517Z", "is_active": true, "code": "CSE-346", "name": "Jana nai / Alternative of VLSI Sessional", "credit": 1.5, "department": 1, "semester": 8, "sessions_per_week": 1, "duration_per_session": 2, "is_lab": true, "is_assigned": true}}, {"model": "university.constraintype", "pk": 1, "fields": {"created_at": "2025-05-06T00:53:17.063Z", "updated_at": "2025-05-06T00:53:17.065Z", "is_active": true, "name": "Hard"}}, {"model": "university.constraintype", "pk": 2, "fields": {"created_at": "2025-05-06T00:53:17.063Z", "updated_at": "2025-05-06T00:53:17.065Z", "is_active": true, "name": "Soft"}}, {"model": "university.constrain", "pk": 2, "fields": {"type": 2, "condition": "respect teacher preferred courses", "description": "", "severity": "High", "score_weight": 3.0, "is_active": false}}, {"model": "university.constrain", "pk": 3, "fields": {"type": 2, "condition": "respect teacher preferred slots", "description": "", "severity": "High", "score_weight": 3.0, "is_active": false}}, {"model": "university.constrain", "pk": 4, "fields": {"type": 2, "condition": "Prioritize teachers with fewer assignments", "description": "", "severity": "High", "score_weight": 1.5, "is_active": true}}, {"model": "university.constrain", "pk": 5, "fields": {"type": 2, "condition": "minimize teacher slot gap", "description": "", "severity": "High", "score_weight": 1.0, "is_active": false}}, {"model": "university.constrain", "pk": 6, "fields": {"type": 2, "condition": "minimize semester slot gap", "description": "", "severity": "High", "score_weight": 3.0, "is_active": true}}, {"model": "university.constrain", "pk": 11, "fields": {"type": 2, "condition": "prioritize early slots", "description": "", "severity": "High", "score_weight": 0.5, "is_active": false}}, {"model": "university.constrain", "pk": 12, "fields": {"type": 2, "condition": "day balancing slots allocation", "description": "", "severity": "High", "score_weight": 3.0, "is_active": true}}, {"model": "university.constrain", "pk": 13, "fields": {"type": 2, "condition": "prioritize rooms with fewer assignments", "description": "", "severity": "High", "score_weight": 1.5, "is_active": true}}]