[{"model": "scheduler.department", "pk": 1, "fields": {"name": "CSE"}}, {"model": "scheduler.department", "pk": 2, "fields": {"name": "MTH"}}, {"model": "scheduler.department", "pk": 3, "fields": {"name": "PHY"}}, {"model": "scheduler.department", "pk": 4, "fields": {"name": "EEE"}}, {"model": "scheduler.department", "pk": 5, "fields": {"name": "ECO"}}, {"model": "scheduler.department", "pk": 6, "fields": {"name": "MGT"}}, {"model": "scheduler.department", "pk": 7, "fields": {"name": "ENG"}}, {"model": "scheduler.department", "pk": 8, "fields": {"name": "ACT"}}, {"model": "scheduler.room", "pk": 1, "fields": {"name": "1002", "capacity": 40, "is_lab": false}}, {"model": "scheduler.room", "pk": 2, "fields": {"name": "1008", "capacity": 40, "is_lab": false}}, {"model": "scheduler.room", "pk": 3, "fields": {"name": "1009", "capacity": 40, "is_lab": false}}, {"model": "scheduler.room", "pk": 4, "fields": {"name": "1011", "capacity": 40, "is_lab": false}}, {"model": "scheduler.room", "pk": 5, "fields": {"name": "1013", "capacity": 40, "is_lab": false}}, {"model": "scheduler.room", "pk": 6, "fields": {"name": "1022", "capacity": 40, "is_lab": false}}, {"model": "scheduler.room", "pk": 7, "fields": {"name": "1023", "capacity": 40, "is_lab": false}}, {"model": "scheduler.room", "pk": 8, "fields": {"name": "1024", "capacity": 40, "is_lab": false}}, {"model": "scheduler.room", "pk": 9, "fields": {"name": "1025", "capacity": 40, "is_lab": true}}, {"model": "scheduler.room", "pk": 10, "fields": {"name": "1029", "capacity": 40, "is_lab": true}}, {"model": "scheduler.room", "pk": 11, "fields": {"name": "1019", "capacity": 40, "is_lab": false}}, {"model": "scheduler.room", "pk": 12, "fields": {"name": "1021", "capacity": 40, "is_lab": false}}, {"model": "scheduler.timeslot", "pk": 43, "fields": {"day": "Thursday", "slot_number": 1, "start_time": "17:30:00", "end_time": "18:20:00"}}, {"model": "scheduler.timeslot", "pk": 44, "fields": {"day": "Thursday", "slot_number": 2, "start_time": "18:20:00", "end_time": "19:10:00"}}, {"model": "scheduler.timeslot", "pk": 45, "fields": {"day": "Thursday", "slot_number": 3, "start_time": "19:20:00", "end_time": "20:10:00"}}, {"model": "scheduler.timeslot", "pk": 46, "fields": {"day": "Thursday", "slot_number": 4, "start_time": "20:10:00", "end_time": "21:00:00"}}, {"model": "scheduler.timeslot", "pk": 48, "fields": {"day": "Friday", "slot_number": 1, "start_time": "09:00:00", "end_time": "09:50:00"}}, {"model": "scheduler.timeslot", "pk": 49, "fields": {"day": "Friday", "slot_number": 2, "start_time": "09:50:00", "end_time": "10:40:00"}}, {"model": "scheduler.timeslot", "pk": 50, "fields": {"day": "Friday", "slot_number": 3, "start_time": "10:50:00", "end_time": "11:40:00"}}, {"model": "scheduler.timeslot", "pk": 51, "fields": {"day": "Friday", "slot_number": 4, "start_time": "11:40:00", "end_time": "12:30:00"}}, {"model": "scheduler.timeslot", "pk": 52, "fields": {"day": "Friday", "slot_number": 5, "start_time": "14:10:00", "end_time": "15:00:00"}}, {"model": "scheduler.timeslot", "pk": 53, "fields": {"day": "Friday", "slot_number": 6, "start_time": "15:00:00", "end_time": "16:40:00"}}, {"model": "scheduler.timeslot", "pk": 54, "fields": {"day": "Friday", "slot_number": 7, "start_time": "16:50:00", "end_time": "17:40:00"}}, {"model": "scheduler.timeslot", "pk": 55, "fields": {"day": "Friday", "slot_number": 8, "start_time": "17:40:00", "end_time": "18:30:00"}}, {"model": "scheduler.timeslot", "pk": 56, "fields": {"day": "Friday", "slot_number": 9, "start_time": "18:50:00", "end_time": "19:40:00"}}, {"model": "scheduler.timeslot", "pk": 57, "fields": {"day": "Friday", "slot_number": 10, "start_time": "19:40:00", "end_time": "20:30:00"}}, {"model": "scheduler.timeslot", "pk": 58, "fields": {"day": "Saturday", "slot_number": 1, "start_time": "17:30:00", "end_time": "18:20:00"}}, {"model": "scheduler.timeslot", "pk": 59, "fields": {"day": "Saturday", "slot_number": 2, "start_time": "18:20:00", "end_time": "19:10:00"}}, {"model": "scheduler.timeslot", "pk": 60, "fields": {"day": "Saturday", "slot_number": 3, "start_time": "19:20:00", "end_time": "20:10:00"}}, {"model": "scheduler.timeslot", "pk": 61, "fields": {"day": "Saturday", "slot_number": 4, "start_time": "20:10:00", "end_time": "21:00:00"}}, {"model": "scheduler.teacher", "pk": 1, "fields": {"name": "AA", "initial": "AA", "department": 2, "max_classes_per_week": 10, "is_assigned": true, "minimum_classes_per_day": 2, "preferred_time_slots": [], "preferred_courses": []}}, {"model": "scheduler.teacher", "pk": 2, "fields": {"name": "RS", "initial": "RS", "department": 1, "max_classes_per_week": 10, "is_assigned": true, "minimum_classes_per_day": 2, "preferred_time_slots": [], "preferred_courses": []}}, {"model": "scheduler.teacher", "pk": 3, "fields": {"name": "FAN", "initial": "FAN", "department": 1, "max_classes_per_week": 10, "is_assigned": true, "minimum_classes_per_day": 2, "preferred_time_slots": [], "preferred_courses": []}}, {"model": "scheduler.teacher", "pk": 4, "fields": {"name": "EAT", "initial": "EAT", "department": 1, "max_classes_per_week": 10, "is_assigned": true, "minimum_classes_per_day": 2, "preferred_time_slots": [], "preferred_courses": []}}, {"model": "scheduler.teacher", "pk": 5, "fields": {"name": "MK", "initial": "MK", "department": 1, "max_classes_per_week": 10, "is_assigned": true, "minimum_classes_per_day": 2, "preferred_time_slots": [], "preferred_courses": []}}, {"model": "scheduler.teacher", "pk": 6, "fields": {"name": "SS", "initial": "SS", "department": 1, "max_classes_per_week": 10, "is_assigned": true, "minimum_classes_per_day": 2, "preferred_time_slots": [], "preferred_courses": []}}, {"model": "scheduler.teacher", "pk": 7, "fields": {"name": "CSI", "initial": "CSI", "department": 1, "max_classes_per_week": 10, "is_assigned": true, "minimum_classes_per_day": 2, "preferred_time_slots": [], "preferred_courses": []}}, {"model": "scheduler.teacher", "pk": 8, "fields": {"name": "PSK", "initial": "PSK", "department": 1, "max_classes_per_week": 10, "is_assigned": true, "minimum_classes_per_day": 2, "preferred_time_slots": [], "preferred_courses": []}}, {"model": "scheduler.teacher", "pk": 9, "fields": {"name": "MHA", "initial": "MHA", "department": 5, "max_classes_per_week": 10, "is_assigned": true, "minimum_classes_per_day": 2, "preferred_time_slots": [], "preferred_courses": []}}, {"model": "scheduler.teacher", "pk": 10, "fields": {"name": "JF", "initial": "JF", "department": 1, "max_classes_per_week": 10, "is_assigned": true, "minimum_classes_per_day": 2, "preferred_time_slots": [], "preferred_courses": []}}, {"model": "scheduler.teacher", "pk": 11, "fields": {"name": "MMH", "initial": "MMH", "department": 1, "max_classes_per_week": 10, "is_assigned": true, "minimum_classes_per_day": 2, "preferred_time_slots": [], "preferred_courses": []}}, {"model": "scheduler.teacher", "pk": 12, "fields": {"name": "MC", "initial": "MC", "department": 3, "max_classes_per_week": 10, "is_assigned": true, "minimum_classes_per_day": 2, "preferred_time_slots": [], "preferred_courses": []}}, {"model": "scheduler.teacher", "pk": 13, "fields": {"name": "SM", "initial": "SM", "department": 4, "max_classes_per_week": 10, "is_assigned": true, "minimum_classes_per_day": 2, "preferred_time_slots": [], "preferred_courses": []}}, {"model": "scheduler.teacher", "pk": 15, "fields": {"name": "JAF", "initial": "JAF", "department": 1, "max_classes_per_week": 10, "is_assigned": true, "minimum_classes_per_day": 2, "preferred_time_slots": [], "preferred_courses": []}}, {"model": "scheduler.teacher", "pk": 16, "fields": {"name": "MR", "initial": "MR", "department": 1, "max_classes_per_week": 10, "is_assigned": true, "minimum_classes_per_day": 2, "preferred_time_slots": [], "preferred_courses": []}}, {"model": "scheduler.teacher", "pk": 17, "fields": {"name": "MBUT", "initial": "MBUT", "department": 1, "max_classes_per_week": 10, "is_assigned": true, "minimum_classes_per_day": 2, "preferred_time_slots": [], "preferred_courses": []}}, {"model": "scheduler.teacher", "pk": 18, "fields": {"name": "MAJ", "initial": "MAJ", "department": 1, "max_classes_per_week": 10, "is_assigned": true, "minimum_classes_per_day": 2, "preferred_time_slots": [], "preferred_courses": []}}, {"model": "scheduler.teacher", "pk": 19, "fields": {"name": "TA", "initial": "TA", "department": 2, "max_classes_per_week": 10, "is_assigned": true, "minimum_classes_per_day": 2, "preferred_time_slots": [], "preferred_courses": []}}, {"model": "scheduler.teacher", "pk": 20, "fields": {"name": "EK", "initial": "EK", "department": 4, "max_classes_per_week": 10, "is_assigned": true, "minimum_classes_per_day": 2, "preferred_time_slots": [], "preferred_courses": []}}, {"model": "scheduler.teacher", "pk": 21, "fields": {"name": "SAF", "initial": "SAF", "department": 6, "max_classes_per_week": 10, "is_assigned": true, "minimum_classes_per_day": 2, "preferred_time_slots": [], "preferred_courses": []}}, {"model": "scheduler.teacher", "pk": 22, "fields": {"name": "FUM", "initial": "FUM", "department": 7, "max_classes_per_week": 10, "is_assigned": true, "minimum_classes_per_day": 2, "preferred_time_slots": [], "preferred_courses": []}}, {"model": "scheduler.teacher", "pk": 23, "fields": {"name": "TH", "initial": "TH", "department": 8, "max_classes_per_week": 10, "is_assigned": true, "minimum_classes_per_day": 2, "preferred_time_slots": [], "preferred_courses": []}}, {"model": "scheduler.teacher", "pk": 24, "fields": {"name": "SKJ", "initial": "SKJ", "department": 4, "max_classes_per_week": 10, "is_assigned": true, "minimum_classes_per_day": 2, "preferred_time_slots": [], "preferred_courses": []}}, {"model": "scheduler.teacher", "pk": 25, "fields": {"name": "SA", "initial": "SA", "department": 1, "max_classes_per_week": 10, "is_assigned": true, "minimum_classes_per_day": 2, "preferred_time_slots": [], "preferred_courses": []}}, {"model": "scheduler.teacher", "pk": 26, "fields": {"name": "FBH", "initial": "FBH", "department": 1, "max_classes_per_week": 10, "is_assigned": true, "minimum_classes_per_day": 2, "preferred_time_slots": [], "preferred_courses": []}}, {"model": "scheduler.teacher", "pk": 27, "fields": {"name": "KIA", "initial": "KIA", "department": 1, "max_classes_per_week": 10, "is_assigned": true, "minimum_classes_per_day": 2, "preferred_time_slots": [], "preferred_courses": []}}, {"model": "scheduler.teacher", "pk": 28, "fields": {"name": "KTT", "initial": "KTT", "department": 4, "max_classes_per_week": 10, "is_assigned": true, "minimum_classes_per_day": 2, "preferred_time_slots": [], "preferred_courses": []}}, {"model": "scheduler.teacher", "pk": 29, "fields": {"name": "RDG", "initial": "RDG", "department": 4, "max_classes_per_week": 10, "is_assigned": true, "minimum_classes_per_day": 2, "preferred_time_slots": [], "preferred_courses": []}}, {"model": "scheduler.course", "pk": 1, "fields": {"code": "MTH-101", "name": "Mathematics-1", "credit": 3.0, "department": 2, "semester": 1, "sessions_per_week": 2, "duration_per_session": 1, "is_lab": false, "is_assigned": true}}, {"model": "scheduler.course", "pk": 2, "fields": {"code": "CSE-123", "name": "Discrete Mathematics", "credit": 3.0, "department": 1, "semester": 2, "sessions_per_week": 2, "duration_per_session": 1, "is_lab": false, "is_assigned": true}}, {"model": "scheduler.course", "pk": 3, "fields": {"code": "CSE-132", "name": "Data Structure Sessional", "credit": 1.5, "department": 1, "semester": 3, "sessions_per_week": 1, "duration_per_session": 2, "is_lab": true, "is_assigned": true}}, {"model": "scheduler.course", "pk": 4, "fields": {"code": "CSE-235", "name": "Computer Architecture", "credit": 3.0, "department": 1, "semester": 4, "sessions_per_week": 2, "duration_per_session": 1, "is_lab": false, "is_assigned": true}}, {"model": "scheduler.course", "pk": 5, "fields": {"code": "CSE-213", "name": "Digital Logic Design", "credit": 3.0, "department": 1, "semester": 6, "sessions_per_week": 2, "duration_per_session": 1, "is_lab": false, "is_assigned": true}}, {"model": "scheduler.course", "pk": 6, "fields": {"code": "CSE-324", "name": "Compiler Sessional", "credit": 1.5, "department": 1, "semester": 7, "sessions_per_week": 1, "duration_per_session": 2, "is_lab": true, "is_assigned": true}}, {"model": "scheduler.course", "pk": 7, "fields": {"code": "CSE-331", "name": "Computer Network", "credit": 3.0, "department": 1, "semester": 8, "sessions_per_week": 2, "duration_per_session": 1, "is_lab": false, "is_assigned": true}}, {"model": "scheduler.course", "pk": 8, "fields": {"code": "CSE-311", "name": "Artificial Intelligence", "credit": 3.0, "department": 1, "semester": 9, "sessions_per_week": 2, "duration_per_session": 1, "is_lab": false, "is_assigned": true}}, {"model": "scheduler.course", "pk": 9, "fields": {"code": "ECO-201", "name": "Engineering Economics", "credit": 3.0, "department": 5, "semester": 1, "sessions_per_week": 2, "duration_per_session": 1, "is_lab": false, "is_assigned": true}}, {"model": "scheduler.course", "pk": 10, "fields": {"code": "CSE-231", "name": "Operating Systems", "credit": 3.0, "department": 1, "semester": 6, "sessions_per_week": 2, "duration_per_session": 1, "is_lab": false, "is_assigned": true}}, {"model": "scheduler.course", "pk": 11, "fields": {"code": "CSE-341", "name": "VLSI Design", "credit": 3.0, "department": 1, "semester": 8, "sessions_per_week": 2, "duration_per_session": 1, "is_lab": false, "is_assigned": true}}, {"model": "scheduler.course", "pk": 12, "fields": {"code": "PHY-101", "name": "Physics", "credit": 3.0, "department": 3, "semester": 2, "sessions_per_week": 2, "duration_per_session": 1, "is_lab": false, "is_assigned": true}}, {"model": "scheduler.course", "pk": 13, "fields": {"code": "MTH-105", "name": "Mathematics-III", "credit": 3.0, "department": 2, "semester": 3, "sessions_per_week": 2, "duration_per_session": 1, "is_lab": false, "is_assigned": true}}, {"model": "scheduler.course", "pk": 14, "fields": {"code": "EEE-201", "name": "Electrical Drives and Instrumentation", "credit": 3.0, "department": 4, "semester": 4, "sessions_per_week": 2, "duration_per_session": 1, "is_lab": false, "is_assigned": true}}, {"model": "scheduler.course", "pk": 15, "fields": {"code": "CSE-344", "name": "Advanced Object Oriented Programming", "credit": 3.0, "department": 1, "semester": 5, "sessions_per_week": 2, "duration_per_session": 1, "is_lab": false, "is_assigned": true}}, {"model": "scheduler.course", "pk": 16, "fields": {"code": "CSE-232", "name": "Operating Systems Sessional", "credit": 1.5, "department": 1, "semester": 6, "sessions_per_week": 1, "duration_per_session": 2, "is_lab": true, "is_assigned": true}}, {"model": "scheduler.course", "pk": 17, "fields": {"code": "CSE-323", "name": "Compiler", "credit": 3.0, "department": 1, "semester": 7, "sessions_per_week": 2, "duration_per_session": 1, "is_lab": false, "is_assigned": true}}, {"model": "scheduler.course", "pk": 18, "fields": {"code": "CSE-335", "name": "Computer Graphics", "credit": 3.0, "department": 1, "semester": 8, "sessions_per_week": 2, "duration_per_session": 1, "is_lab": false, "is_assigned": true}}, {"model": "scheduler.course", "pk": 19, "fields": {"code": "CSE-459", "name": "Internet of Things", "credit": 3.0, "department": 1, "semester": 9, "sessions_per_week": 2, "duration_per_session": 1, "is_lab": false, "is_assigned": true}}, {"model": "scheduler.course", "pk": 20, "fields": {"code": "CSE-453", "name": "Digital Image Processing", "credit": 3.0, "department": 1, "semester": 10, "sessions_per_week": 2, "duration_per_session": 1, "is_lab": false, "is_assigned": true}}, {"model": "scheduler.course", "pk": 21, "fields": {"code": "EEE-101", "name": "Introduction to Electrical Engineering", "credit": 3.0, "department": 4, "semester": 2, "sessions_per_week": 2, "duration_per_session": 1, "is_lab": false, "is_assigned": true}}, {"model": "scheduler.course", "pk": 22, "fields": {"code": "CSE-131", "name": "Data Structure", "credit": 3.0, "department": 1, "semester": 3, "sessions_per_week": 2, "duration_per_session": 1, "is_lab": false, "is_assigned": true}}, {"model": "scheduler.course", "pk": 23, "fields": {"code": "MTH-207", "name": "Mathematics-IV", "credit": 3.0, "department": 2, "semester": 4, "sessions_per_week": 2, "duration_per_session": 1, "is_lab": false, "is_assigned": true}}, {"model": "scheduler.course", "pk": 24, "fields": {"code": "MGT-201", "name": "Industrial and Operational Management", "credit": 3.0, "department": 6, "semester": 7, "sessions_per_week": 2, "duration_per_session": 1, "is_lab": false, "is_assigned": true}}, {"model": "scheduler.course", "pk": 25, "fields": {"code": "CSE-317", "name": "Data Communication", "credit": 3.0, "department": 1, "semester": 8, "sessions_per_week": 2, "duration_per_session": 1, "is_lab": false, "is_assigned": true}}, {"model": "scheduler.course", "pk": 26, "fields": {"code": "CSE-121", "name": "Structured Programming Language", "credit": 3.0, "department": 1, "semester": 1, "sessions_per_week": 2, "duration_per_session": 1, "is_lab": false, "is_assigned": true}}, {"model": "scheduler.course", "pk": 27, "fields": {"code": "CSE-122", "name": "Structured Programming Language Sessional", "credit": 1.5, "department": 1, "semester": 1, "sessions_per_week": 1, "duration_per_session": 2, "is_lab": true, "is_assigned": true}}, {"model": "scheduler.course", "pk": 28, "fields": {"code": "ENG-101", "name": "Foundation English", "credit": 3.0, "department": 7, "semester": 1, "sessions_per_week": 2, "duration_per_session": 1, "is_lab": false, "is_assigned": true}}, {"model": "scheduler.course", "pk": 29, "fields": {"code": "EEE-102", "name": "Introduction to Electrical Engineering Sessiona", "credit": 1.5, "department": 4, "semester": 2, "sessions_per_week": 1, "duration_per_session": 2, "is_lab": true, "is_assigned": true}}, {"model": "scheduler.course", "pk": 30, "fields": {"code": "MTH-103", "name": "Mathematics-II", "credit": 3.0, "department": 2, "semester": 2, "sessions_per_week": 2, "duration_per_session": 1, "is_lab": false, "is_assigned": true}}, {"model": "scheduler.course", "pk": 31, "fields": {"code": "ACT-201", "name": "Financial & Managerial Accounting", "credit": 3.0, "department": 8, "semester": 3, "sessions_per_week": 2, "duration_per_session": 1, "is_lab": false, "is_assigned": true}}, {"model": "scheduler.course", "pk": 32, "fields": {"code": "EEE-103", "name": "Electronics Device and Circuits", "credit": 3.0, "department": 4, "semester": 3, "sessions_per_week": 2, "duration_per_session": 1, "is_lab": false, "is_assigned": true}}, {"model": "scheduler.course", "pk": 33, "fields": {"code": "CSE-211", "name": "Object Oriented Programming", "credit": 3.0, "department": 1, "semester": 4, "sessions_per_week": 2, "duration_per_session": 1, "is_lab": false, "is_assigned": true}}, {"model": "scheduler.course", "pk": 34, "fields": {"code": "CSE-212", "name": "Object Oriented Programming Sessional", "credit": 1.5, "department": 1, "semester": 4, "sessions_per_week": 1, "duration_per_session": 2, "is_lab": true, "is_assigned": true}}, {"model": "scheduler.course", "pk": 35, "fields": {"code": "CSE-133", "name": "Numerical Methods", "credit": 3.0, "department": 1, "semester": 5, "sessions_per_week": 2, "duration_per_session": 1, "is_lab": false, "is_assigned": true}}, {"model": "scheduler.course", "pk": 36, "fields": {"code": "CSE-222", "name": "Algorithm Sessional", "credit": 1.5, "department": 1, "semester": 5, "sessions_per_week": 1, "duration_per_session": 2, "is_lab": true, "is_assigned": true}}, {"model": "scheduler.course", "pk": 37, "fields": {"code": "CSE-224", "name": "Database Management Systems Sessional", "credit": 1.5, "department": 1, "semester": 5, "sessions_per_week": 1, "duration_per_session": 2, "is_lab": true, "is_assigned": true}}, {"model": "scheduler.course", "pk": 38, "fields": {"code": "CSE-223", "name": "Database Management Systems", "credit": 3.0, "department": 1, "semester": 5, "sessions_per_week": 2, "duration_per_session": 1, "is_lab": false, "is_assigned": true}}, {"model": "scheduler.course", "pk": 39, "fields": {"code": "CSE-221", "name": "Algorithms", "credit": 3.0, "department": 1, "semester": 5, "sessions_per_week": 2, "duration_per_session": 1, "is_lab": false, "is_assigned": true}}, {"model": "scheduler.course", "pk": 40, "fields": {"code": "CSE-214", "name": "Digital Logic Design Sessional", "credit": 1.5, "department": 1, "semester": 6, "sessions_per_week": 1, "duration_per_session": 2, "is_lab": true, "is_assigned": false}}, {"model": "scheduler.course", "pk": 41, "fields": {"code": "CSE-233", "name": "System Analysis and Design", "credit": 3.0, "department": 1, "semester": 6, "sessions_per_week": 2, "duration_per_session": 1, "is_lab": false, "is_assigned": true}}, {"model": "scheduler.course", "pk": 42, "fields": {"code": "CSE-315", "name": "Theory of Computing", "credit": 3.0, "department": 1, "semester": 6, "sessions_per_week": 2, "duration_per_session": 1, "is_lab": false, "is_assigned": true}}, {"model": "scheduler.course", "pk": 43, "fields": {"code": "CSE-321", "name": "Software Engineering", "credit": 3.0, "department": 1, "semester": 7, "sessions_per_week": 2, "duration_per_session": 1, "is_lab": false, "is_assigned": true}}, {"model": "scheduler.course", "pk": 44, "fields": {"code": "CSE-313", "name": "Microprocessors and Microcontroller", "credit": 3.0, "department": 1, "semester": 7, "sessions_per_week": 2, "duration_per_session": 1, "is_lab": false, "is_assigned": true}}, {"model": "scheduler.course", "pk": 45, "fields": {"code": "CSE-314", "name": "Microprocessors and Microcontroller Sessional", "credit": 1.5, "department": 1, "semester": 7, "sessions_per_week": 1, "duration_per_session": 2, "is_lab": true, "is_assigned": true}}, {"model": "scheduler.course", "pk": 46, "fields": {"code": "CSE-336", "name": "Computer Graphics Sessional", "credit": 1.5, "department": 1, "semester": 8, "sessions_per_week": 1, "duration_per_session": 2, "is_lab": true, "is_assigned": true}}, {"model": "scheduler.course", "pk": 47, "fields": {"code": "CSE-342", "name": "VLSI Design Sessional", "credit": 1.5, "department": 1, "semester": 8, "sessions_per_week": 1, "duration_per_session": 2, "is_lab": true, "is_assigned": true}}, {"model": "scheduler.course", "pk": 48, "fields": {"code": "CSE-417", "name": "Project Management", "credit": 3.0, "department": 1, "semester": 9, "sessions_per_week": 2, "duration_per_session": 1, "is_lab": false, "is_assigned": true}}, {"model": "scheduler.course", "pk": 49, "fields": {"code": "PHY-102", "name": "Physics Sessional", "credit": 1.5, "department": 3, "semester": 2, "sessions_per_week": 1, "duration_per_session": 2, "is_lab": true, "is_assigned": true}}, {"model": "scheduler.course", "pk": 50, "fields": {"code": "EEE-104", "name": "Electronics Device and Circuits Sessional", "credit": 1.5, "department": 4, "semester": 3, "sessions_per_week": 1, "duration_per_session": 2, "is_lab": true, "is_assigned": true}}, {"model": "scheduler.course", "pk": 51, "fields": {"code": "EEE-202", "name": "Electrical Drives and Instrumentation Sessional", "credit": 1.5, "department": 4, "semester": 4, "sessions_per_week": 1, "duration_per_session": 2, "is_lab": true, "is_assigned": true}}, {"model": "scheduler.course", "pk": 52, "fields": {"code": "CSE-234", "name": "System Analysis and Design Sessional", "credit": 1.5, "department": 1, "semester": 6, "sessions_per_week": 1, "duration_per_session": 2, "is_lab": true, "is_assigned": true}}, {"model": "scheduler.course", "pk": 53, "fields": {"code": "CSE-322", "name": "Software Engineering Sessional", "credit": 1.5, "department": 1, "semester": 7, "sessions_per_week": 1, "duration_per_session": 2, "is_lab": true, "is_assigned": true}}, {"model": "scheduler.course", "pk": 54, "fields": {"code": "CSE-332", "name": "Computer Network Sessional", "credit": 1.5, "department": 1, "semester": 8, "sessions_per_week": 1, "duration_per_session": 2, "is_lab": true, "is_assigned": true}}, {"model": "scheduler.course", "pk": 55, "fields": {"code": "CSE-312", "name": "Artificial Intelligence Sessional", "credit": 1.5, "department": 1, "semester": 9, "sessions_per_week": 1, "duration_per_session": 2, "is_lab": true, "is_assigned": true}}, {"model": "scheduler.assignment", "pk": 6054, "fields": {"course": 45, "teacher": 2, "time_slot": 48, "room": 9}}, {"model": "scheduler.assignment", "pk": 6055, "fields": {"course": 45, "teacher": 2, "time_slot": 49, "room": 9}}, {"model": "scheduler.assignment", "pk": 6056, "fields": {"course": 36, "teacher": 3, "time_slot": 48, "room": 10}}, {"model": "scheduler.assignment", "pk": 6057, "fields": {"course": 36, "teacher": 3, "time_slot": 49, "room": 10}}, {"model": "scheduler.assignment", "pk": 6058, "fields": {"course": 55, "teacher": 4, "time_slot": 50, "room": 9}}, {"model": "scheduler.assignment", "pk": 6059, "fields": {"course": 55, "teacher": 4, "time_slot": 51, "room": 9}}, {"model": "scheduler.assignment", "pk": 6060, "fields": {"course": 34, "teacher": 5, "time_slot": 50, "room": 10}}, {"model": "scheduler.assignment", "pk": 6061, "fields": {"course": 34, "teacher": 5, "time_slot": 51, "room": 10}}, {"model": "scheduler.assignment", "pk": 6062, "fields": {"course": 6, "teacher": 6, "time_slot": 58, "room": 9}}, {"model": "scheduler.assignment", "pk": 6063, "fields": {"course": 6, "teacher": 6, "time_slot": 59, "room": 9}}, {"model": "scheduler.assignment", "pk": 6064, "fields": {"course": 29, "teacher": 13, "time_slot": 52, "room": 9}}, {"model": "scheduler.assignment", "pk": 6065, "fields": {"course": 29, "teacher": 13, "time_slot": 53, "room": 9}}, {"model": "scheduler.assignment", "pk": 6066, "fields": {"course": 52, "teacher": 7, "time_slot": 52, "room": 10}}, {"model": "scheduler.assignment", "pk": 6067, "fields": {"course": 52, "teacher": 7, "time_slot": 53, "room": 10}}, {"model": "scheduler.assignment", "pk": 6068, "fields": {"course": 46, "teacher": 8, "time_slot": 54, "room": 9}}, {"model": "scheduler.assignment", "pk": 6069, "fields": {"course": 46, "teacher": 8, "time_slot": 55, "room": 9}}, {"model": "scheduler.assignment", "pk": 6070, "fields": {"course": 49, "teacher": 12, "time_slot": 58, "room": 10}}, {"model": "scheduler.assignment", "pk": 6071, "fields": {"course": 49, "teacher": 12, "time_slot": 59, "room": 10}}, {"model": "scheduler.assignment", "pk": 6072, "fields": {"course": 53, "teacher": 10, "time_slot": 43, "room": 9}}, {"model": "scheduler.assignment", "pk": 6073, "fields": {"course": 53, "teacher": 10, "time_slot": 44, "room": 9}}, {"model": "scheduler.assignment", "pk": 6074, "fields": {"course": 50, "teacher": 20, "time_slot": 54, "room": 10}}, {"model": "scheduler.assignment", "pk": 6075, "fields": {"course": 50, "teacher": 20, "time_slot": 55, "room": 10}}, {"model": "scheduler.assignment", "pk": 6076, "fields": {"course": 3, "teacher": 11, "time_slot": 60, "room": 9}}, {"model": "scheduler.assignment", "pk": 6077, "fields": {"course": 3, "teacher": 11, "time_slot": 61, "room": 9}}, {"model": "scheduler.assignment", "pk": 6078, "fields": {"course": 16, "teacher": 15, "time_slot": 60, "room": 10}}, {"model": "scheduler.assignment", "pk": 6079, "fields": {"course": 16, "teacher": 15, "time_slot": 61, "room": 10}}, {"model": "scheduler.assignment", "pk": 6080, "fields": {"course": 37, "teacher": 16, "time_slot": 43, "room": 10}}, {"model": "scheduler.assignment", "pk": 6081, "fields": {"course": 37, "teacher": 16, "time_slot": 44, "room": 10}}, {"model": "scheduler.assignment", "pk": 6082, "fields": {"course": 47, "teacher": 17, "time_slot": 45, "room": 9}}, {"model": "scheduler.assignment", "pk": 6083, "fields": {"course": 47, "teacher": 17, "time_slot": 46, "room": 9}}, {"model": "scheduler.assignment", "pk": 6084, "fields": {"course": 51, "teacher": 24, "time_slot": 45, "room": 10}}, {"model": "scheduler.assignment", "pk": 6085, "fields": {"course": 51, "teacher": 24, "time_slot": 46, "room": 10}}, {"model": "scheduler.assignment", "pk": 6086, "fields": {"course": 54, "teacher": 18, "time_slot": 56, "room": 9}}, {"model": "scheduler.assignment", "pk": 6087, "fields": {"course": 54, "teacher": 18, "time_slot": 57, "room": 9}}, {"model": "scheduler.assignment", "pk": 6088, "fields": {"course": 27, "teacher": 25, "time_slot": 56, "room": 10}}, {"model": "scheduler.assignment", "pk": 6089, "fields": {"course": 27, "teacher": 25, "time_slot": 57, "room": 10}}, {"model": "scheduler.assignment", "pk": 6090, "fields": {"course": 1, "teacher": 1, "time_slot": 58, "room": 1}}, {"model": "scheduler.assignment", "pk": 6091, "fields": {"course": 1, "teacher": 1, "time_slot": 43, "room": 1}}, {"model": "scheduler.assignment", "pk": 6092, "fields": {"course": 2, "teacher": 26, "time_slot": 43, "room": 2}}, {"model": "scheduler.assignment", "pk": 6093, "fields": {"course": 2, "teacher": 26, "time_slot": 48, "room": 1}}, {"model": "scheduler.assignment", "pk": 6094, "fields": {"course": 4, "teacher": 27, "time_slot": 58, "room": 2}}, {"model": "scheduler.assignment", "pk": 6095, "fields": {"course": 4, "teacher": 27, "time_slot": 48, "room": 2}}, {"model": "scheduler.assignment", "pk": 6096, "fields": {"course": 5, "teacher": 2, "time_slot": 43, "room": 3}}, {"model": "scheduler.assignment", "pk": 6097, "fields": {"course": 5, "teacher": 2, "time_slot": 50, "room": 1}}, {"model": "scheduler.assignment", "pk": 6098, "fields": {"course": 7, "teacher": 3, "time_slot": 58, "room": 3}}, {"model": "scheduler.assignment", "pk": 6099, "fields": {"course": 7, "teacher": 3, "time_slot": 50, "room": 2}}, {"model": "scheduler.assignment", "pk": 6100, "fields": {"course": 8, "teacher": 4, "time_slot": 58, "room": 4}}, {"model": "scheduler.assignment", "pk": 6101, "fields": {"course": 8, "teacher": 4, "time_slot": 43, "room": 4}}, {"model": "scheduler.assignment", "pk": 6102, "fields": {"course": 9, "teacher": 9, "time_slot": 48, "room": 3}}, {"model": "scheduler.assignment", "pk": 6103, "fields": {"course": 9, "teacher": 9, "time_slot": 59, "room": 1}}, {"model": "scheduler.assignment", "pk": 6104, "fields": {"course": 10, "teacher": 5, "time_slot": 44, "room": 1}}, {"model": "scheduler.assignment", "pk": 6105, "fields": {"course": 10, "teacher": 5, "time_slot": 48, "room": 4}}, {"model": "scheduler.assignment", "pk": 6106, "fields": {"course": 11, "teacher": 6, "time_slot": 60, "room": 1}}, {"model": "scheduler.assignment", "pk": 6107, "fields": {"course": 11, "teacher": 6, "time_slot": 48, "room": 5}}, {"model": "scheduler.assignment", "pk": 6108, "fields": {"course": 12, "teacher": 12, "time_slot": 44, "room": 2}}, {"model": "scheduler.assignment", "pk": 6109, "fields": {"course": 12, "teacher": 12, "time_slot": 49, "room": 1}}, {"model": "scheduler.assignment", "pk": 6110, "fields": {"course": 13, "teacher": 19, "time_slot": 43, "room": 5}}, {"model": "scheduler.assignment", "pk": 6111, "fields": {"course": 13, "teacher": 19, "time_slot": 48, "room": 6}}, {"model": "scheduler.assignment", "pk": 6112, "fields": {"course": 14, "teacher": 28, "time_slot": 59, "room": 2}}, {"model": "scheduler.assignment", "pk": 6113, "fields": {"course": 14, "teacher": 28, "time_slot": 49, "room": 2}}, {"model": "scheduler.assignment", "pk": 6114, "fields": {"course": 15, "teacher": 7, "time_slot": 58, "room": 5}}, {"model": "scheduler.assignment", "pk": 6115, "fields": {"course": 15, "teacher": 7, "time_slot": 50, "room": 3}}, {"model": "scheduler.assignment", "pk": 6116, "fields": {"course": 17, "teacher": 8, "time_slot": 50, "room": 4}}, {"model": "scheduler.assignment", "pk": 6117, "fields": {"course": 17, "teacher": 8, "time_slot": 60, "room": 2}}, {"model": "scheduler.assignment", "pk": 6118, "fields": {"course": 18, "teacher": 10, "time_slot": 59, "room": 3}}, {"model": "scheduler.assignment", "pk": 6119, "fields": {"course": 18, "teacher": 10, "time_slot": 49, "room": 3}}, {"model": "scheduler.assignment", "pk": 6120, "fields": {"course": 19, "teacher": 11, "time_slot": 48, "room": 7}}, {"model": "scheduler.assignment", "pk": 6121, "fields": {"course": 19, "teacher": 11, "time_slot": 59, "room": 4}}, {"model": "scheduler.assignment", "pk": 6122, "fields": {"course": 20, "teacher": 15, "time_slot": 48, "room": 8}}, {"model": "scheduler.assignment", "pk": 6123, "fields": {"course": 20, "teacher": 15, "time_slot": 58, "room": 6}}, {"model": "scheduler.assignment", "pk": 6124, "fields": {"course": 21, "teacher": 29, "time_slot": 50, "room": 5}}, {"model": "scheduler.assignment", "pk": 6125, "fields": {"course": 21, "teacher": 29, "time_slot": 60, "room": 3}}, {"model": "scheduler.assignment", "pk": 6126, "fields": {"course": 22, "teacher": 16, "time_slot": 45, "room": 1}}, {"model": "scheduler.assignment", "pk": 6127, "fields": {"course": 22, "teacher": 16, "time_slot": 49, "room": 4}}, {"model": "scheduler.assignment", "pk": 6128, "fields": {"course": 23, "teacher": 1, "time_slot": 52, "room": 1}}, {"model": "scheduler.assignment", "pk": 6129, "fields": {"course": 23, "teacher": 1, "time_slot": 60, "room": 4}}, {"model": "scheduler.assignment", "pk": 6130, "fields": {"course": 24, "teacher": 21, "time_slot": 51, "room": 1}}, {"model": "scheduler.assignment", "pk": 6131, "fields": {"course": 24, "teacher": 21, "time_slot": 45, "room": 2}}, {"model": "scheduler.assignment", "pk": 6132, "fields": {"course": 25, "teacher": 17, "time_slot": 43, "room": 6}}, {"model": "scheduler.assignment", "pk": 6133, "fields": {"course": 25, "teacher": 17, "time_slot": 51, "room": 2}}, {"model": "scheduler.assignment", "pk": 6134, "fields": {"course": 26, "teacher": 18, "time_slot": 44, "room": 3}}, {"model": "scheduler.assignment", "pk": 6135, "fields": {"course": 26, "teacher": 18, "time_slot": 49, "room": 5}}, {"model": "scheduler.assignment", "pk": 6136, "fields": {"course": 28, "teacher": 22, "time_slot": 50, "room": 6}}, {"model": "scheduler.assignment", "pk": 6137, "fields": {"course": 28, "teacher": 22, "time_slot": 60, "room": 5}}, {"model": "scheduler.assignment", "pk": 6138, "fields": {"course": 30, "teacher": 19, "time_slot": 51, "room": 3}}, {"model": "scheduler.assignment", "pk": 6139, "fields": {"course": 30, "teacher": 19, "time_slot": 45, "room": 3}}, {"model": "scheduler.assignment", "pk": 6140, "fields": {"course": 31, "teacher": 23, "time_slot": 50, "room": 7}}, {"model": "scheduler.assignment", "pk": 6141, "fields": {"course": 31, "teacher": 23, "time_slot": 58, "room": 7}}, {"model": "scheduler.assignment", "pk": 6142, "fields": {"course": 32, "teacher": 13, "time_slot": 51, "room": 4}}, {"model": "scheduler.assignment", "pk": 6143, "fields": {"course": 32, "teacher": 13, "time_slot": 44, "room": 4}}, {"model": "scheduler.assignment", "pk": 6144, "fields": {"course": 33, "teacher": 25, "time_slot": 53, "room": 1}}, {"model": "scheduler.assignment", "pk": 6145, "fields": {"course": 33, "teacher": 25, "time_slot": 43, "room": 7}}, {"model": "scheduler.assignment", "pk": 6146, "fields": {"course": 35, "teacher": 26, "time_slot": 59, "room": 5}}, {"model": "scheduler.assignment", "pk": 6147, "fields": {"course": 35, "teacher": 26, "time_slot": 51, "room": 5}}, {"model": "scheduler.assignment", "pk": 6148, "fields": {"course": 38, "teacher": 27, "time_slot": 52, "room": 2}}, {"model": "scheduler.assignment", "pk": 6149, "fields": {"course": 38, "teacher": 27, "time_slot": 60, "room": 6}}, {"model": "scheduler.assignment", "pk": 6150, "fields": {"course": 39, "teacher": 2, "time_slot": 53, "room": 2}}, {"model": "scheduler.assignment", "pk": 6151, "fields": {"course": 39, "teacher": 2, "time_slot": 45, "room": 4}}, {"model": "scheduler.assignment", "pk": 6152, "fields": {"course": 41, "teacher": 3, "time_slot": 51, "room": 6}}, {"model": "scheduler.assignment", "pk": 6153, "fields": {"course": 41, "teacher": 3, "time_slot": 59, "room": 6}}, {"model": "scheduler.assignment", "pk": 6154, "fields": {"course": 42, "teacher": 4, "time_slot": 49, "room": 6}}, {"model": "scheduler.assignment", "pk": 6155, "fields": {"course": 42, "teacher": 4, "time_slot": 45, "room": 5}}, {"model": "scheduler.assignment", "pk": 6156, "fields": {"course": 43, "teacher": 5, "time_slot": 52, "room": 3}}, {"model": "scheduler.assignment", "pk": 6157, "fields": {"course": 43, "teacher": 5, "time_slot": 61, "room": 1}}, {"model": "scheduler.assignment", "pk": 6158, "fields": {"course": 44, "teacher": 6, "time_slot": 53, "room": 3}}, {"model": "scheduler.assignment", "pk": 6159, "fields": {"course": 44, "teacher": 6, "time_slot": 46, "room": 1}}, {"model": "scheduler.assignment", "pk": 6160, "fields": {"course": 48, "teacher": 7, "time_slot": 44, "room": 5}}, {"model": "scheduler.assignment", "pk": 6161, "fields": {"course": 48, "teacher": 7, "time_slot": 49, "room": 7}}]