[{"model": "university.department", "pk": 1, "fields": {"created_at": "2025-05-06T00:53:17.073Z", "updated_at": "2025-05-06T00:53:17.075Z", "is_active": true, "name": "CSE"}}, {"model": "university.department", "pk": 2, "fields": {"created_at": "2025-05-06T00:53:17.073Z", "updated_at": "2025-05-06T00:53:17.075Z", "is_active": true, "name": "MTH"}}, {"model": "university.department", "pk": 3, "fields": {"created_at": "2025-05-06T00:53:17.073Z", "updated_at": "2025-05-06T00:53:17.075Z", "is_active": true, "name": "PHY"}}, {"model": "university.department", "pk": 4, "fields": {"created_at": "2025-05-06T00:53:17.073Z", "updated_at": "2025-05-06T00:53:17.075Z", "is_active": true, "name": "EEE"}}, {"model": "university.department", "pk": 5, "fields": {"created_at": "2025-05-06T00:53:17.073Z", "updated_at": "2025-05-06T00:53:17.075Z", "is_active": true, "name": "ECO"}}, {"model": "university.department", "pk": 6, "fields": {"created_at": "2025-05-06T00:53:17.073Z", "updated_at": "2025-05-06T00:53:17.075Z", "is_active": true, "name": "MGT"}}, {"model": "university.department", "pk": 7, "fields": {"created_at": "2025-05-06T00:53:17.073Z", "updated_at": "2025-05-06T00:53:17.075Z", "is_active": true, "name": "ENG"}}, {"model": "university.department", "pk": 8, "fields": {"created_at": "2025-05-06T00:53:17.073Z", "updated_at": "2025-05-06T00:53:17.075Z", "is_active": true, "name": "ACT"}}, {"model": "university.shift", "pk": 1, "fields": {"created_at": "2025-05-07T06:49:15.071Z", "updated_at": "2025-05-07T06:49:15.071Z", "is_active": true, "name": "Morning"}}, {"model": "university.shift", "pk": 2, "fields": {"created_at": "2025-05-07T06:49:26.019Z", "updated_at": "2025-05-07T06:49:26.019Z", "is_active": true, "name": "Evening"}}, {"model": "university.section", "pk": 1, "fields": {"created_at": "2025-05-07T06:52:28.651Z", "updated_at": "2025-05-07T06:52:28.651Z", "is_active": true, "name": "A", "semester": 1, "shift": 2, "department": 1}}, {"model": "university.section", "pk": 2, "fields": {"created_at": "2025-05-07T06:52:38.957Z", "updated_at": "2025-05-07T06:52:38.957Z", "is_active": true, "name": "A", "semester": 2, "shift": 2, "department": 1}}, {"model": "university.section", "pk": 3, "fields": {"created_at": "2025-05-07T06:52:49.005Z", "updated_at": "2025-05-07T06:52:49.005Z", "is_active": true, "name": "A", "semester": 3, "shift": 2, "department": 1}}, {"model": "university.section", "pk": 4, "fields": {"created_at": "2025-05-07T06:53:04.207Z", "updated_at": "2025-05-07T06:53:04.207Z", "is_active": true, "name": "A", "semester": 4, "shift": 2, "department": 1}}, {"model": "university.section", "pk": 5, "fields": {"created_at": "2025-05-07T06:53:13.489Z", "updated_at": "2025-05-07T06:53:13.489Z", "is_active": true, "name": "A", "semester": 5, "shift": 2, "department": 1}}, {"model": "university.section", "pk": 6, "fields": {"created_at": "2025-05-07T06:53:27.909Z", "updated_at": "2025-05-07T06:53:27.909Z", "is_active": true, "name": "A", "semester": 6, "shift": 2, "department": 1}}, {"model": "university.section", "pk": 7, "fields": {"created_at": "2025-05-07T06:53:37.290Z", "updated_at": "2025-05-07T06:53:37.290Z", "is_active": true, "name": "A", "semester": 7, "shift": 2, "department": 1}}, {"model": "university.section", "pk": 8, "fields": {"created_at": "2025-05-07T06:53:45.264Z", "updated_at": "2025-05-07T06:53:45.264Z", "is_active": true, "name": "A", "semester": 8, "shift": 2, "department": 1}}, {"model": "university.section", "pk": 9, "fields": {"created_at": "2025-05-07T06:53:54.206Z", "updated_at": "2025-05-07T06:53:54.206Z", "is_active": true, "name": "A", "semester": 9, "shift": 2, "department": 1}}, {"model": "university.section", "pk": 10, "fields": {"created_at": "2025-05-07T06:54:05.256Z", "updated_at": "2025-05-07T06:54:05.256Z", "is_active": true, "name": "A", "semester": 10, "shift": 2, "department": 1}}, {"model": "university.section", "pk": 11, "fields": {"created_at": "2025-05-12T08:45:42.481Z", "updated_at": "2025-05-12T08:45:42.481Z", "is_active": true, "name": "B", "semester": 1, "shift": 2, "department": 1}}, {"model": "university.section", "pk": 12, "fields": {"created_at": "2025-06-23T21:15:59.492Z", "updated_at": "2025-06-23T21:15:59.492Z", "is_active": true, "name": "A", "semester": 1, "shift": 1, "department": 1}}, {"model": "university.section", "pk": 13, "fields": {"created_at": "2025-06-23T21:19:03.771Z", "updated_at": "2025-06-23T21:19:03.774Z", "is_active": true, "name": "A", "semester": 2, "shift": 1, "department": 1}}, {"model": "university.section", "pk": 14, "fields": {"created_at": "2025-06-23T21:19:03.776Z", "updated_at": "2025-06-23T21:19:03.776Z", "is_active": true, "name": "A", "semester": 3, "shift": 1, "department": 1}}, {"model": "university.section", "pk": 15, "fields": {"created_at": "2025-06-23T21:19:03.778Z", "updated_at": "2025-06-23T21:19:03.778Z", "is_active": true, "name": "A", "semester": 4, "shift": 1, "department": 1}}, {"model": "university.section", "pk": 16, "fields": {"created_at": "2025-06-23T21:19:03.779Z", "updated_at": "2025-06-23T21:19:03.779Z", "is_active": true, "name": "A", "semester": 5, "shift": 1, "department": 1}}, {"model": "university.section", "pk": 17, "fields": {"created_at": "2025-06-23T21:19:03.779Z", "updated_at": "2025-06-23T21:19:03.779Z", "is_active": true, "name": "A", "semester": 6, "shift": 1, "department": 1}}, {"model": "university.section", "pk": 18, "fields": {"created_at": "2025-06-23T21:19:03.780Z", "updated_at": "2025-06-23T21:19:03.780Z", "is_active": true, "name": "A", "semester": 7, "shift": 1, "department": 1}}, {"model": "university.section", "pk": 19, "fields": {"created_at": "2025-06-23T21:19:03.782Z", "updated_at": "2025-06-23T21:19:03.782Z", "is_active": true, "name": "A", "semester": 8, "shift": 1, "department": 1}}, {"model": "university.section", "pk": 20, "fields": {"created_at": "2025-06-23T21:19:03.783Z", "updated_at": "2025-06-23T21:19:03.783Z", "is_active": true, "name": "A", "semester": 9, "shift": 1, "department": 1}}, {"model": "university.section", "pk": 21, "fields": {"created_at": "2025-06-23T21:19:03.784Z", "updated_at": "2025-06-23T21:19:03.784Z", "is_active": true, "name": "A", "semester": 10, "shift": 1, "department": 1}}, {"model": "university.section", "pk": 22, "fields": {"created_at": "2025-06-23T21:19:56.787Z", "updated_at": "2025-06-23T21:19:56.787Z", "is_active": true, "name": "B", "semester": 1, "shift": 1, "department": 1}}, {"model": "university.room", "pk": 2, "fields": {"created_at": "2025-05-06T00:53:17.077Z", "updated_at": "2025-05-06T00:53:17.081Z", "is_active": true, "name": "1008", "capacity": 40, "is_lab": false, "department": 1}}, {"model": "university.room", "pk": 3, "fields": {"created_at": "2025-05-06T00:53:17.077Z", "updated_at": "2025-05-06T00:53:17.081Z", "is_active": true, "name": "1009", "capacity": 40, "is_lab": false, "department": 1}}, {"model": "university.room", "pk": 4, "fields": {"created_at": "2025-05-06T00:53:17.077Z", "updated_at": "2025-05-06T00:53:17.081Z", "is_active": true, "name": "1011", "capacity": 40, "is_lab": false, "department": 1}}, {"model": "university.room", "pk": 7, "fields": {"created_at": "2025-05-06T00:53:17.077Z", "updated_at": "2025-05-06T00:53:17.081Z", "is_active": true, "name": "1023", "capacity": 40, "is_lab": false, "department": 1}}, {"model": "university.room", "pk": 8, "fields": {"created_at": "2025-05-06T00:53:17.077Z", "updated_at": "2025-05-06T00:53:17.081Z", "is_active": true, "name": "1024", "capacity": 40, "is_lab": false, "department": 1}}, {"model": "university.room", "pk": 9, "fields": {"created_at": "2025-05-06T00:53:17.077Z", "updated_at": "2025-05-06T00:53:17.081Z", "is_active": true, "name": "1025", "capacity": 40, "is_lab": false, "department": 1}}, {"model": "university.room", "pk": 10, "fields": {"created_at": "2025-05-06T00:53:17.077Z", "updated_at": "2025-05-06T00:53:17.081Z", "is_active": true, "name": "1029", "capacity": 40, "is_lab": false, "department": 1}}, {"model": "university.room", "pk": 13, "fields": {"created_at": "2025-05-06T00:53:17.077Z", "updated_at": "2025-05-06T00:53:17.081Z", "is_active": true, "name": "8002", "capacity": 40, "is_lab": true, "department": 4}}, {"model": "university.room", "pk": 14, "fields": {"created_at": "2025-05-06T00:53:17.077Z", "updated_at": "2025-05-06T00:53:17.081Z", "is_active": true, "name": "801", "capacity": 40, "is_lab": true, "department": 3}}, {"model": "university.room", "pk": 15, "fields": {"created_at": "2025-05-06T00:53:17.077Z", "updated_at": "2025-05-06T00:53:17.081Z", "is_active": true, "name": "1030", "capacity": 40, "is_lab": true, "department": 1}}, {"model": "university.room", "pk": 16, "fields": {"created_at": "2025-05-06T00:53:17.077Z", "updated_at": "2025-05-06T00:53:17.081Z", "is_active": true, "name": "1020", "capacity": 40, "is_lab": true, "department": 1}}, {"model": "university.room", "pk": 17, "fields": {"created_at": "2025-05-06T00:53:17.077Z", "updated_at": "2025-05-06T00:53:17.081Z", "is_active": true, "name": "1006", "capacity": 40, "is_lab": false, "department": 1}}, {"model": "university.room", "pk": 18, "fields": {"created_at": "2025-05-06T00:53:17.077Z", "updated_at": "2025-05-06T00:53:17.081Z", "is_active": true, "name": "1004", "capacity": 40, "is_lab": false, "department": 1}}, {"model": "university.room", "pk": 19, "fields": {"created_at": "2025-05-06T00:53:17.077Z", "updated_at": "2025-05-06T00:53:17.081Z", "is_active": true, "name": "1018", "capacity": 40, "is_lab": false, "department": 1}}, {"model": "university.room", "pk": 20, "fields": {"created_at": "2025-05-06T00:53:17.077Z", "updated_at": "2025-05-06T00:53:17.081Z", "is_active": true, "name": "1017", "capacity": 40, "is_lab": false, "department": 1}}, {"model": "university.room", "pk": 21, "fields": {"created_at": "2025-05-06T00:53:17.077Z", "updated_at": "2025-05-06T00:53:17.081Z", "is_active": true, "name": "1015", "capacity": 40, "is_lab": false, "department": 1}}, {"model": "university.timeslot", "pk": 43, "fields": {"created_at": "2025-05-06T00:53:17.090Z", "updated_at": "2025-05-06T00:53:17.094Z", "is_active": true, "day": "Thursday", "slot_number": 1, "start_time": "17:30:00", "end_time": "18:20:00", "shift": 2}}, {"model": "university.timeslot", "pk": 44, "fields": {"created_at": "2025-05-06T00:53:17.090Z", "updated_at": "2025-05-06T00:53:17.094Z", "is_active": true, "day": "Thursday", "slot_number": 2, "start_time": "18:20:00", "end_time": "19:10:00", "shift": 2}}, {"model": "university.timeslot", "pk": 45, "fields": {"created_at": "2025-05-06T00:53:17.090Z", "updated_at": "2025-05-06T00:53:17.094Z", "is_active": true, "day": "Thursday", "slot_number": 3, "start_time": "19:20:00", "end_time": "20:10:00", "shift": 2}}, {"model": "university.timeslot", "pk": 46, "fields": {"created_at": "2025-05-06T00:53:17.090Z", "updated_at": "2025-05-06T00:53:17.094Z", "is_active": true, "day": "Thursday", "slot_number": 4, "start_time": "20:10:00", "end_time": "21:00:00", "shift": 2}}, {"model": "university.timeslot", "pk": 48, "fields": {"created_at": "2025-05-06T00:53:17.090Z", "updated_at": "2025-05-06T00:53:17.094Z", "is_active": true, "day": "Friday", "slot_number": 1, "start_time": "09:00:00", "end_time": "09:50:00", "shift": 2}}, {"model": "university.timeslot", "pk": 49, "fields": {"created_at": "2025-05-06T00:53:17.090Z", "updated_at": "2025-05-06T00:53:17.094Z", "is_active": true, "day": "Friday", "slot_number": 2, "start_time": "09:50:00", "end_time": "10:40:00", "shift": 2}}, {"model": "university.timeslot", "pk": 50, "fields": {"created_at": "2025-05-06T00:53:17.090Z", "updated_at": "2025-05-06T00:53:17.094Z", "is_active": true, "day": "Friday", "slot_number": 3, "start_time": "10:50:00", "end_time": "11:40:00", "shift": 2}}, {"model": "university.timeslot", "pk": 51, "fields": {"created_at": "2025-05-06T00:53:17.090Z", "updated_at": "2025-05-06T00:53:17.094Z", "is_active": true, "day": "Friday", "slot_number": 4, "start_time": "11:40:00", "end_time": "12:30:00", "shift": 2}}, {"model": "university.timeslot", "pk": 52, "fields": {"created_at": "2025-05-06T00:53:17.090Z", "updated_at": "2025-05-06T00:53:17.094Z", "is_active": true, "day": "Friday", "slot_number": 5, "start_time": "14:10:00", "end_time": "15:00:00", "shift": 2}}, {"model": "university.timeslot", "pk": 53, "fields": {"created_at": "2025-05-06T00:53:17.090Z", "updated_at": "2025-05-06T00:53:17.094Z", "is_active": true, "day": "Friday", "slot_number": 6, "start_time": "15:00:00", "end_time": "16:40:00", "shift": 2}}, {"model": "university.timeslot", "pk": 54, "fields": {"created_at": "2025-05-06T00:53:17.090Z", "updated_at": "2025-05-06T00:53:17.094Z", "is_active": true, "day": "Friday", "slot_number": 7, "start_time": "16:50:00", "end_time": "17:40:00", "shift": 2}}, {"model": "university.timeslot", "pk": 55, "fields": {"created_at": "2025-05-06T00:53:17.090Z", "updated_at": "2025-05-06T00:53:17.094Z", "is_active": true, "day": "Friday", "slot_number": 8, "start_time": "17:40:00", "end_time": "18:30:00", "shift": 2}}, {"model": "university.timeslot", "pk": 56, "fields": {"created_at": "2025-05-06T00:53:17.090Z", "updated_at": "2025-05-06T00:53:17.094Z", "is_active": true, "day": "Friday", "slot_number": 9, "start_time": "18:50:00", "end_time": "19:40:00", "shift": 2}}, {"model": "university.timeslot", "pk": 57, "fields": {"created_at": "2025-05-06T00:53:17.090Z", "updated_at": "2025-05-06T00:53:17.094Z", "is_active": true, "day": "Friday", "slot_number": 10, "start_time": "19:40:00", "end_time": "20:30:00", "shift": 2}}, {"model": "university.timeslot", "pk": 58, "fields": {"created_at": "2025-05-06T00:53:17.090Z", "updated_at": "2025-06-23T21:38:18.966Z", "is_active": true, "day": "Saturday", "slot_number": 7, "start_time": "17:30:00", "end_time": "18:20:00", "shift": 2}}, {"model": "university.timeslot", "pk": 59, "fields": {"created_at": "2025-05-06T00:53:17.090Z", "updated_at": "2025-06-23T21:38:30.318Z", "is_active": true, "day": "Saturday", "slot_number": 8, "start_time": "18:20:00", "end_time": "19:10:00", "shift": 2}}, {"model": "university.timeslot", "pk": 60, "fields": {"created_at": "2025-05-06T00:53:17.090Z", "updated_at": "2025-06-23T21:38:46.866Z", "is_active": true, "day": "Saturday", "slot_number": 9, "start_time": "19:20:00", "end_time": "20:10:00", "shift": 2}}, {"model": "university.timeslot", "pk": 61, "fields": {"created_at": "2025-05-06T00:53:17.090Z", "updated_at": "2025-06-23T21:38:53.400Z", "is_active": true, "day": "Saturday", "slot_number": 10, "start_time": "20:10:00", "end_time": "21:00:00", "shift": 2}}, {"model": "university.timeslot", "pk": 62, "fields": {"created_at": "2025-06-23T21:39:35.118Z", "updated_at": "2025-06-23T21:39:35.118Z", "is_active": true, "day": "Saturday", "slot_number": 1, "start_time": "09:00:00", "end_time": "10:20:00", "shift": 1}}, {"model": "university.timeslot", "pk": 63, "fields": {"created_at": "2025-06-23T21:41:22.891Z", "updated_at": "2025-06-23T21:41:22.891Z", "is_active": true, "day": "Saturday", "slot_number": 2, "start_time": "10:30:00", "end_time": "11:50:00", "shift": 1}}, {"model": "university.timeslot", "pk": 64, "fields": {"created_at": "2025-06-23T21:42:05.827Z", "updated_at": "2025-06-23T21:43:23.276Z", "is_active": true, "day": "Saturday", "slot_number": 3, "start_time": "12:00:00", "end_time": "13:20:00", "shift": 1}}, {"model": "university.timeslot", "pk": 65, "fields": {"created_at": "2025-06-23T21:42:37.377Z", "updated_at": "2025-06-23T21:44:45.039Z", "is_active": true, "day": "Saturday", "slot_number": 4, "start_time": "13:20:00", "end_time": "13:40:00", "shift": 1}}, {"model": "university.timeslot", "pk": 66, "fields": {"created_at": "2025-06-23T21:43:13.359Z", "updated_at": "2025-06-23T21:45:30.601Z", "is_active": true, "day": "Saturday", "slot_number": 5, "start_time": "14:00:00", "end_time": "15:20:00", "shift": 1}}, {"model": "university.timeslot", "pk": 67, "fields": {"created_at": "2025-06-23T21:46:06.622Z", "updated_at": "2025-06-23T21:46:06.622Z", "is_active": true, "day": "Saturday", "slot_number": 6, "start_time": "14:00:00", "end_time": "15:20:00", "shift": 1}}, {"model": "university.timeslot", "pk": 68, "fields": {"created_at": "2025-06-23T21:47:40.012Z", "updated_at": "2025-06-23T21:47:40.012Z", "is_active": true, "day": "Sunday", "slot_number": 1, "start_time": "09:00:00", "end_time": "10:20:00", "shift": 1}}, {"model": "university.timeslot", "pk": 69, "fields": {"created_at": "2025-06-24T07:26:54.919Z", "updated_at": "2025-06-24T07:26:54.919Z", "is_active": true, "day": "Sunday", "slot_number": 2, "start_time": "10:20:00", "end_time": "11:40:00", "shift": 1}}, {"model": "university.timeslot", "pk": 70, "fields": {"created_at": "2025-06-24T07:27:18.966Z", "updated_at": "2025-06-24T07:27:18.966Z", "is_active": true, "day": "Sunday", "slot_number": 3, "start_time": "12:00:00", "end_time": "13:20:00", "shift": 1}}, {"model": "university.timeslot", "pk": 71, "fields": {"created_at": "2025-06-24T07:27:34.399Z", "updated_at": "2025-06-24T07:27:34.399Z", "is_active": true, "day": "Sunday", "slot_number": 4, "start_time": "13:20:00", "end_time": "13:40:00", "shift": 1}}, {"model": "university.timeslot", "pk": 72, "fields": {"created_at": "2025-06-24T07:28:16.343Z", "updated_at": "2025-06-24T07:28:16.343Z", "is_active": true, "day": "Sunday", "slot_number": 5, "start_time": "14:00:00", "end_time": "15:20:00", "shift": 1}}, {"model": "university.timeslot", "pk": 73, "fields": {"created_at": "2025-06-24T07:28:59.901Z", "updated_at": "2025-06-24T07:28:59.901Z", "is_active": true, "day": "Sunday", "slot_number": 6, "start_time": "15:30:00", "end_time": "16:40:00", "shift": 1}}, {"model": "university.timeslot", "pk": 74, "fields": {"created_at": "2025-06-24T07:29:30.703Z", "updated_at": "2025-06-24T07:29:30.703Z", "is_active": true, "day": "Tuesday", "slot_number": 1, "start_time": "09:00:00", "end_time": "10:40:00", "shift": 1}}, {"model": "university.timeslot", "pk": 75, "fields": {"created_at": "2025-06-24T07:30:09.218Z", "updated_at": "2025-06-24T07:30:09.218Z", "is_active": true, "day": "Tuesday", "slot_number": 2, "start_time": "10:50:00", "end_time": "11:40:00", "shift": 1}}, {"model": "university.timeslot", "pk": 76, "fields": {"created_at": "2025-06-24T07:30:27.787Z", "updated_at": "2025-06-24T07:30:27.787Z", "is_active": true, "day": "Tuesday", "slot_number": 3, "start_time": "12:00:00", "end_time": "13:20:00", "shift": 1}}, {"model": "university.timeslot", "pk": 77, "fields": {"created_at": "2025-06-24T07:30:40.702Z", "updated_at": "2025-06-24T07:30:40.702Z", "is_active": true, "day": "Tuesday", "slot_number": 4, "start_time": "13:20:00", "end_time": "13:40:00", "shift": 1}}, {"model": "university.timeslot", "pk": 78, "fields": {"created_at": "2025-06-24T07:31:07.938Z", "updated_at": "2025-06-24T07:31:07.938Z", "is_active": true, "day": "Tuesday", "slot_number": 5, "start_time": "14:00:00", "end_time": "15:20:00", "shift": 1}}, {"model": "university.timeslot", "pk": 79, "fields": {"created_at": "2025-06-24T07:31:27.828Z", "updated_at": "2025-06-24T07:31:27.828Z", "is_active": true, "day": "Tuesday", "slot_number": 6, "start_time": "15:30:00", "end_time": "16:40:00", "shift": 1}}, {"model": "university.timeslot", "pk": 80, "fields": {"created_at": "2025-06-24T07:31:58.019Z", "updated_at": "2025-06-24T07:31:58.019Z", "is_active": true, "day": "Wednesday", "slot_number": 1, "start_time": "09:00:00", "end_time": "10:40:00", "shift": 1}}, {"model": "university.timeslot", "pk": 81, "fields": {"created_at": "2025-06-24T07:32:11.298Z", "updated_at": "2025-06-24T07:32:11.298Z", "is_active": true, "day": "Wednesday", "slot_number": 2, "start_time": "10:50:00", "end_time": "11:40:00", "shift": 1}}, {"model": "university.timeslot", "pk": 82, "fields": {"created_at": "2025-06-24T07:32:34.121Z", "updated_at": "2025-06-24T07:32:34.121Z", "is_active": true, "day": "Wednesday", "slot_number": 3, "start_time": "12:00:00", "end_time": "13:20:00", "shift": 1}}, {"model": "university.timeslot", "pk": 83, "fields": {"created_at": "2025-06-24T07:32:45.724Z", "updated_at": "2025-06-24T07:32:45.724Z", "is_active": true, "day": "Wednesday", "slot_number": 4, "start_time": "13:20:00", "end_time": "13:40:00", "shift": 1}}, {"model": "university.timeslot", "pk": 84, "fields": {"created_at": "2025-06-24T07:33:05.421Z", "updated_at": "2025-06-24T07:33:05.421Z", "is_active": true, "day": "Wednesday", "slot_number": 5, "start_time": "14:00:00", "end_time": "15:20:00", "shift": 1}}, {"model": "university.timeslot", "pk": 85, "fields": {"created_at": "2025-06-24T07:33:24.352Z", "updated_at": "2025-06-24T07:33:24.352Z", "is_active": true, "day": "Wednesday", "slot_number": 6, "start_time": "15:30:00", "end_time": "16:40:00", "shift": 1}}, {"model": "university.teacher", "pk": 1, "fields": {"created_at": "2025-05-06T00:53:17.083Z", "updated_at": "2025-07-02T16:32:00.906Z", "is_active": true, "name": "AA", "initial": "AA", "department": 2, "max_classes_per_week": 10, "is_assigned": true, "minimum_classes_per_day": 2, "preferred_time_slots": [], "preferred_courses": []}}, {"model": "university.teacher", "pk": 3, "fields": {"created_at": "2025-05-06T00:53:17.083Z", "updated_at": "2025-07-02T16:32:06.200Z", "is_active": true, "name": "FAN", "initial": "FAN", "department": 1, "max_classes_per_week": 10, "is_assigned": true, "minimum_classes_per_day": 2, "preferred_time_slots": [], "preferred_courses": []}}, {"model": "university.teacher", "pk": 4, "fields": {"created_at": "2025-05-06T00:53:17.083Z", "updated_at": "2025-07-02T16:32:07.188Z", "is_active": true, "name": "EAT", "initial": "EAT", "department": 1, "max_classes_per_week": 10, "is_assigned": true, "minimum_classes_per_day": 2, "preferred_time_slots": [], "preferred_courses": []}}, {"model": "university.teacher", "pk": 6, "fields": {"created_at": "2025-05-06T00:53:17.083Z", "updated_at": "2025-07-02T16:32:09.037Z", "is_active": true, "name": "SS", "initial": "SS", "department": 1, "max_classes_per_week": 10, "is_assigned": true, "minimum_classes_per_day": 2, "preferred_time_slots": [], "preferred_courses": []}}, {"model": "university.teacher", "pk": 7, "fields": {"created_at": "2025-05-06T00:53:17.083Z", "updated_at": "2025-07-02T16:32:10.875Z", "is_active": true, "name": "CSI", "initial": "CSI", "department": 1, "max_classes_per_week": 10, "is_assigned": true, "minimum_classes_per_day": 2, "preferred_time_slots": [], "preferred_courses": []}}, {"model": "university.teacher", "pk": 8, "fields": {"created_at": "2025-05-06T00:53:17.083Z", "updated_at": "2025-07-02T16:32:08.121Z", "is_active": true, "name": "PSK", "initial": "PSK", "department": 1, "max_classes_per_week": 10, "is_assigned": true, "minimum_classes_per_day": 2, "preferred_time_slots": [], "preferred_courses": []}}, {"model": "university.teacher", "pk": 9, "fields": {"created_at": "2025-05-06T00:53:17.083Z", "updated_at": "2025-07-02T16:31:54.878Z", "is_active": true, "name": "HA", "initial": "HA", "department": 5, "max_classes_per_week": 10, "is_assigned": true, "minimum_classes_per_day": 2, "preferred_time_slots": [], "preferred_courses": []}}, {"model": "university.teacher", "pk": 10, "fields": {"created_at": "2025-05-06T00:53:17.083Z", "updated_at": "2025-07-02T16:32:09.909Z", "is_active": true, "name": "JF", "initial": "JF", "department": 1, "max_classes_per_week": 10, "is_assigned": true, "minimum_classes_per_day": 2, "preferred_time_slots": [], "preferred_courses": []}}, {"model": "university.teacher", "pk": 11, "fields": {"created_at": "2025-05-06T00:53:17.083Z", "updated_at": "2025-07-02T16:32:11.781Z", "is_active": true, "name": "MMH", "initial": "MMH", "department": 1, "max_classes_per_week": 10, "is_assigned": true, "minimum_classes_per_day": 2, "preferred_time_slots": [], "preferred_courses": []}}, {"model": "university.teacher", "pk": 12, "fields": {"created_at": "2025-05-06T00:53:17.083Z", "updated_at": "2025-07-02T16:31:55.477Z", "is_active": true, "name": "MC", "initial": "MC", "department": 3, "max_classes_per_week": 10, "is_assigned": true, "minimum_classes_per_day": 2, "preferred_time_slots": [], "preferred_courses": []}}, {"model": "university.teacher", "pk": 13, "fields": {"created_at": "2025-05-06T00:53:17.083Z", "updated_at": "2025-07-02T16:32:04.301Z", "is_active": true, "name": "SM", "initial": "SM", "department": 4, "max_classes_per_week": 10, "is_assigned": true, "minimum_classes_per_day": 2, "preferred_time_slots": [], "preferred_courses": []}}, {"model": "university.teacher", "pk": 15, "fields": {"created_at": "2025-05-06T00:53:17.083Z", "updated_at": "2025-07-02T16:32:12.831Z", "is_active": true, "name": "JAF", "initial": "JAF", "department": 1, "max_classes_per_week": 10, "is_assigned": true, "minimum_classes_per_day": 2, "preferred_time_slots": [], "preferred_courses": []}}, {"model": "university.teacher", "pk": 16, "fields": {"created_at": "2025-05-06T00:53:17.083Z", "updated_at": "2025-07-02T16:32:13.629Z", "is_active": true, "name": "MR", "initial": "MR", "department": 1, "max_classes_per_week": 10, "is_assigned": true, "minimum_classes_per_day": 2, "preferred_time_slots": [58], "preferred_courses": []}}, {"model": "university.teacher", "pk": 17, "fields": {"created_at": "2025-05-06T00:53:17.083Z", "updated_at": "2025-07-02T16:31:58.698Z", "is_active": true, "name": "MBUT", "initial": "MBUT", "department": 1, "max_classes_per_week": 10, "is_assigned": true, "minimum_classes_per_day": 2, "preferred_time_slots": [], "preferred_courses": []}}, {"model": "university.teacher", "pk": 19, "fields": {"created_at": "2025-05-06T00:53:17.083Z", "updated_at": "2025-07-02T16:32:03.861Z", "is_active": true, "name": "TA", "initial": "TA", "department": 2, "max_classes_per_week": 10, "is_assigned": true, "minimum_classes_per_day": 2, "preferred_time_slots": [], "preferred_courses": []}}, {"model": "university.teacher", "pk": 20, "fields": {"created_at": "2025-05-06T00:53:17.083Z", "updated_at": "2025-07-02T16:31:52.004Z", "is_active": true, "name": "EK", "initial": "EK", "department": 4, "max_classes_per_week": 10, "is_assigned": true, "minimum_classes_per_day": 2, "preferred_time_slots": [], "preferred_courses": []}}, {"model": "university.teacher", "pk": 21, "fields": {"created_at": "2025-05-06T00:53:17.083Z", "updated_at": "2025-07-02T16:32:01.001Z", "is_active": true, "name": "SAF", "initial": "SAF", "department": 6, "max_classes_per_week": 10, "is_assigned": true, "minimum_classes_per_day": 2, "preferred_time_slots": [], "preferred_courses": []}}, {"model": "university.teacher", "pk": 22, "fields": {"created_at": "2025-05-06T00:53:17.083Z", "updated_at": "2025-07-02T16:32:03.656Z", "is_active": true, "name": "FUM", "initial": "FUM", "department": 7, "max_classes_per_week": 10, "is_assigned": true, "minimum_classes_per_day": 2, "preferred_time_slots": [], "preferred_courses": []}}, {"model": "university.teacher", "pk": 23, "fields": {"created_at": "2025-05-06T00:53:17.083Z", "updated_at": "2025-07-02T16:32:03.978Z", "is_active": true, "name": "TH", "initial": "TH", "department": 8, "max_classes_per_week": 10, "is_assigned": true, "minimum_classes_per_day": 2, "preferred_time_slots": [], "preferred_courses": []}}, {"model": "university.teacher", "pk": 24, "fields": {"created_at": "2025-05-06T00:53:17.083Z", "updated_at": "2025-07-02T16:31:52.011Z", "is_active": true, "name": "SKJ", "initial": "SKJ", "department": 4, "max_classes_per_week": 10, "is_assigned": true, "minimum_classes_per_day": 2, "preferred_time_slots": [], "preferred_courses": []}}, {"model": "university.teacher", "pk": 25, "fields": {"created_at": "2025-05-06T00:53:17.083Z", "updated_at": "2025-07-02T16:31:59.611Z", "is_active": true, "name": "SA", "initial": "SA", "department": 1, "max_classes_per_week": 10, "is_assigned": true, "minimum_classes_per_day": 2, "preferred_time_slots": [], "preferred_courses": []}}, {"model": "university.teacher", "pk": 27, "fields": {"created_at": "2025-05-06T00:53:17.083Z", "updated_at": "2025-07-02T16:32:00.721Z", "is_active": true, "name": "KIA", "initial": "KIA", "department": 1, "max_classes_per_week": 10, "is_assigned": true, "minimum_classes_per_day": 2, "preferred_time_slots": [], "preferred_courses": []}}, {"model": "university.teacher", "pk": 28, "fields": {"created_at": "2025-05-06T00:53:17.083Z", "updated_at": "2025-07-02T16:31:55.892Z", "is_active": true, "name": "KTT", "initial": "KTT", "department": 4, "max_classes_per_week": 10, "is_assigned": true, "minimum_classes_per_day": 2, "preferred_time_slots": [], "preferred_courses": []}}, {"model": "university.teacher", "pk": 29, "fields": {"created_at": "2025-05-06T00:53:17.083Z", "updated_at": "2025-07-02T16:31:59.893Z", "is_active": true, "name": "RDG", "initial": "RDG", "department": 4, "max_classes_per_week": 10, "is_assigned": true, "minimum_classes_per_day": 2, "preferred_time_slots": [], "preferred_courses": []}}, {"model": "university.teacher", "pk": 31, "fields": {"created_at": "2025-05-06T01:11:50.975Z", "updated_at": "2025-07-02T16:31:55.650Z", "is_active": true, "name": "TAN", "initial": "TAN", "department": 2, "max_classes_per_week": 10, "is_assigned": true, "minimum_classes_per_day": 2, "preferred_time_slots": [], "preferred_courses": []}}, {"model": "university.teacher", "pk": 32, "fields": {"created_at": "2025-05-06T01:12:19.843Z", "updated_at": "2025-07-02T16:32:01.656Z", "is_active": true, "name": "AKG", "initial": "AKG", "department": 1, "max_classes_per_week": 10, "is_assigned": true, "minimum_classes_per_day": 2, "preferred_time_slots": [], "preferred_courses": []}}, {"model": "university.teacher", "pk": 33, "fields": {"created_at": "2025-05-06T01:14:58.118Z", "updated_at": "2025-07-02T16:32:02.551Z", "is_active": true, "name": "MSB", "initial": "MSB", "department": 1, "max_classes_per_week": 10, "is_assigned": true, "minimum_classes_per_day": 2, "preferred_time_slots": [], "preferred_courses": []}}, {"model": "university.teacher", "pk": 34, "fields": {"created_at": "2025-05-06T01:15:08.331Z", "updated_at": "2025-07-02T16:32:03.440Z", "is_active": true, "name": "FN", "initial": "FN", "department": 1, "max_classes_per_week": 10, "is_assigned": true, "minimum_classes_per_day": 2, "preferred_time_slots": [], "preferred_courses": []}}, {"model": "university.teacher", "pk": 35, "fields": {"created_at": "2025-05-06T01:16:26.076Z", "updated_at": "2025-07-02T16:32:05.170Z", "is_active": true, "name": "SAS", "initial": "SAS", "department": 1, "max_classes_per_week": 10, "is_assigned": true, "minimum_classes_per_day": 2, "preferred_time_slots": [], "preferred_courses": []}}, {"model": "university.course", "pk": 1, "fields": {"created_at": "2025-05-06T00:53:17.067Z", "updated_at": "2025-07-02T16:31:52.345Z", "is_active": true, "code": "MTH-101", "name": "Mathematics-1", "credit": 3.0, "department": 2, "semester": 1, "sessions_per_week": 2, "duration_per_session": 1, "is_lab": false, "is_assigned": true, "shifts": [1, 2]}}, {"model": "university.course", "pk": 2, "fields": {"created_at": "2025-05-06T00:53:17.067Z", "updated_at": "2025-07-02T16:31:52.787Z", "is_active": true, "code": "CSE-123", "name": "Discrete Mathematics", "credit": 3.0, "department": 1, "semester": 2, "sessions_per_week": 2, "duration_per_session": 1, "is_lab": false, "is_assigned": true, "shifts": [1, 2]}}, {"model": "university.course", "pk": 3, "fields": {"created_at": "2025-05-06T00:53:17.067Z", "updated_at": "2025-07-02T16:31:51.501Z", "is_active": true, "code": "CSE-132", "name": "Data Structure Sessional", "credit": 1.5, "department": 1, "semester": 3, "sessions_per_week": 1, "duration_per_session": 2, "is_lab": true, "is_assigned": true, "shifts": [1, 2]}}, {"model": "university.course", "pk": 4, "fields": {"created_at": "2025-05-06T00:53:17.067Z", "updated_at": "2025-07-02T16:31:53.245Z", "is_active": true, "code": "CSE-235", "name": "Computer Architecture", "credit": 3.0, "department": 1, "semester": 4, "sessions_per_week": 2, "duration_per_session": 1, "is_lab": false, "is_assigned": true, "shifts": [1, 2]}}, {"model": "university.course", "pk": 5, "fields": {"created_at": "2025-05-06T00:53:17.067Z", "updated_at": "2025-07-02T16:31:53.693Z", "is_active": true, "code": "CSE-213", "name": "Digital Logic Design", "credit": 3.0, "department": 1, "semester": 6, "sessions_per_week": 2, "duration_per_session": 1, "is_lab": false, "is_assigned": true, "shifts": [1, 2]}}, {"model": "university.course", "pk": 6, "fields": {"created_at": "2025-05-06T00:53:17.067Z", "updated_at": "2025-07-02T16:31:51.513Z", "is_active": true, "code": "CSE-324", "name": "Compiler Sessional", "credit": 1.5, "department": 1, "semester": 7, "sessions_per_week": 1, "duration_per_session": 2, "is_lab": true, "is_assigned": true, "shifts": [1, 2]}}, {"model": "university.course", "pk": 7, "fields": {"created_at": "2025-05-06T00:53:17.067Z", "updated_at": "2025-07-02T16:31:54.161Z", "is_active": true, "code": "CSE-331", "name": "Computer Network", "credit": 3.0, "department": 1, "semester": 8, "sessions_per_week": 2, "duration_per_session": 1, "is_lab": false, "is_assigned": true, "shifts": [1, 2]}}, {"model": "university.course", "pk": 8, "fields": {"created_at": "2025-05-06T00:53:17.067Z", "updated_at": "2025-07-02T16:31:54.733Z", "is_active": true, "code": "CSE-311", "name": "Artificial Intelligence", "credit": 3.0, "department": 1, "semester": 9, "sessions_per_week": 2, "duration_per_session": 1, "is_lab": false, "is_assigned": true, "shifts": [1, 2]}}, {"model": "university.course", "pk": 9, "fields": {"created_at": "2025-05-06T00:53:17.067Z", "updated_at": "2025-07-02T16:31:54.878Z", "is_active": true, "code": "ECO-201", "name": "Engineering Economics", "credit": 3.0, "department": 5, "semester": 1, "sessions_per_week": 2, "duration_per_session": 1, "is_lab": false, "is_assigned": true, "shifts": [1, 2]}}, {"model": "university.course", "pk": 10, "fields": {"created_at": "2025-05-06T00:53:17.067Z", "updated_at": "2025-07-02T16:31:55.399Z", "is_active": true, "code": "CSE-231", "name": "Operating Systems", "credit": 3.0, "department": 1, "semester": 6, "sessions_per_week": 2, "duration_per_session": 1, "is_lab": false, "is_assigned": true, "shifts": [1, 2]}}, {"model": "university.course", "pk": 11, "fields": {"created_at": "2025-05-06T00:53:17.067Z", "updated_at": "2025-07-01T17:21:29.870Z", "is_active": true, "code": "CSE-341", "name": "VLSI Design", "credit": 3.0, "department": 1, "semester": 11, "sessions_per_week": 2, "duration_per_session": 1, "is_lab": false, "is_assigned": false, "shifts": [1]}}, {"model": "university.course", "pk": 12, "fields": {"created_at": "2025-05-06T00:53:17.067Z", "updated_at": "2025-07-02T16:31:55.477Z", "is_active": true, "code": "PHY-101", "name": "Physics", "credit": 3.0, "department": 3, "semester": 2, "sessions_per_week": 2, "duration_per_session": 1, "is_lab": false, "is_assigned": true, "shifts": [1, 2]}}, {"model": "university.course", "pk": 13, "fields": {"created_at": "2025-05-06T00:53:17.067Z", "updated_at": "2025-07-02T16:31:55.650Z", "is_active": true, "code": "MTH-105", "name": "Mathematics-III", "credit": 3.0, "department": 2, "semester": 3, "sessions_per_week": 2, "duration_per_session": 1, "is_lab": false, "is_assigned": true, "shifts": [1, 2]}}, {"model": "university.course", "pk": 14, "fields": {"created_at": "2025-05-06T00:53:17.067Z", "updated_at": "2025-07-02T16:31:55.892Z", "is_active": true, "code": "EEE-201", "name": "Electrical Drives and Instrumentation", "credit": 3.0, "department": 4, "semester": 4, "sessions_per_week": 2, "duration_per_session": 1, "is_lab": false, "is_assigned": true, "shifts": [1, 2]}}, {"model": "university.course", "pk": 15, "fields": {"created_at": "2025-05-06T00:53:17.067Z", "updated_at": "2025-07-02T16:31:56.622Z", "is_active": true, "code": "CSE-344", "name": "Advanced Object Oriented Programming", "credit": 3.0, "department": 1, "semester": 5, "sessions_per_week": 2, "duration_per_session": 1, "is_lab": false, "is_assigned": true, "shifts": [1, 2]}}, {"model": "university.course", "pk": 16, "fields": {"created_at": "2025-05-06T00:53:17.067Z", "updated_at": "2025-07-02T16:31:51.526Z", "is_active": true, "code": "CSE-232", "name": "Operating Systems Sessional", "credit": 1.5, "department": 1, "semester": 6, "sessions_per_week": 1, "duration_per_session": 2, "is_lab": true, "is_assigned": true, "shifts": [1, 2]}}, {"model": "university.course", "pk": 17, "fields": {"created_at": "2025-05-06T00:53:17.067Z", "updated_at": "2025-07-02T16:31:57.312Z", "is_active": true, "code": "CSE-323", "name": "Compiler", "credit": 3.0, "department": 1, "semester": 7, "sessions_per_week": 2, "duration_per_session": 1, "is_lab": false, "is_assigned": true, "shifts": [1, 2]}}, {"model": "university.course", "pk": 18, "fields": {"created_at": "2025-05-06T00:53:17.067Z", "updated_at": "2025-07-02T16:31:57.937Z", "is_active": true, "code": "CSE-335", "name": "Computer Graphics", "credit": 3.0, "department": 1, "semester": 8, "sessions_per_week": 2, "duration_per_session": 1, "is_lab": false, "is_assigned": true, "shifts": [1, 2]}}, {"model": "university.course", "pk": 19, "fields": {"created_at": "2025-05-06T00:53:17.067Z", "updated_at": "2025-07-02T16:31:58.697Z", "is_active": true, "code": "CSE-459", "name": "Internet of Things", "credit": 3.0, "department": 1, "semester": 9, "sessions_per_week": 2, "duration_per_session": 1, "is_lab": false, "is_assigned": true, "shifts": [1, 2]}}, {"model": "university.course", "pk": 20, "fields": {"created_at": "2025-05-06T00:53:17.067Z", "updated_at": "2025-07-02T16:31:59.610Z", "is_active": true, "code": "CSE-453", "name": "Digital Image Processing", "credit": 3.0, "department": 1, "semester": 10, "sessions_per_week": 2, "duration_per_session": 1, "is_lab": false, "is_assigned": true, "shifts": [1, 2]}}, {"model": "university.course", "pk": 21, "fields": {"created_at": "2025-05-06T00:53:17.067Z", "updated_at": "2025-07-02T16:31:59.892Z", "is_active": true, "code": "EEE-101", "name": "Introduction to Electrical Engineering", "credit": 3.0, "department": 4, "semester": 2, "sessions_per_week": 2, "duration_per_session": 1, "is_lab": false, "is_assigned": true, "shifts": [1, 2]}}, {"model": "university.course", "pk": 22, "fields": {"created_at": "2025-05-06T00:53:17.067Z", "updated_at": "2025-07-02T16:32:00.720Z", "is_active": true, "code": "CSE-131", "name": "Data Structure", "credit": 3.0, "department": 1, "semester": 3, "sessions_per_week": 2, "duration_per_session": 1, "is_lab": false, "is_assigned": true, "shifts": [1, 2]}}, {"model": "university.course", "pk": 23, "fields": {"created_at": "2025-05-06T00:53:17.067Z", "updated_at": "2025-07-02T16:32:00.905Z", "is_active": true, "code": "MTH-207", "name": "Mathematics-IV", "credit": 3.0, "department": 2, "semester": 4, "sessions_per_week": 2, "duration_per_session": 1, "is_lab": false, "is_assigned": true, "shifts": [1, 2]}}, {"model": "university.course", "pk": 24, "fields": {"created_at": "2025-05-06T00:53:17.067Z", "updated_at": "2025-07-02T16:32:01.001Z", "is_active": true, "code": "MGT-201", "name": "Industrial and Operational Management", "credit": 3.0, "department": 6, "semester": 7, "sessions_per_week": 2, "duration_per_session": 1, "is_lab": false, "is_assigned": true, "shifts": [1, 2]}}, {"model": "university.course", "pk": 25, "fields": {"created_at": "2025-05-06T00:53:17.067Z", "updated_at": "2025-07-02T16:32:01.656Z", "is_active": true, "code": "CSE-317", "name": "Data Communication", "credit": 3.0, "department": 1, "semester": 8, "sessions_per_week": 2, "duration_per_session": 1, "is_lab": false, "is_assigned": true, "shifts": [1, 2]}}, {"model": "university.course", "pk": 26, "fields": {"created_at": "2025-05-06T00:53:17.067Z", "updated_at": "2025-07-02T16:32:03.440Z", "is_active": true, "code": "CSE-121", "name": "Structured Programming Language", "credit": 3.0, "department": 1, "semester": 1, "sessions_per_week": 2, "duration_per_session": 1, "is_lab": false, "is_assigned": true, "shifts": [1, 2]}}, {"model": "university.course", "pk": 27, "fields": {"created_at": "2025-05-06T00:53:17.067Z", "updated_at": "2025-07-02T16:31:51.558Z", "is_active": true, "code": "CSE-122", "name": "Structured Programming Language Sessional", "credit": 1.5, "department": 1, "semester": 1, "sessions_per_week": 1, "duration_per_session": 2, "is_lab": true, "is_assigned": true, "shifts": [1, 2]}}, {"model": "university.course", "pk": 28, "fields": {"created_at": "2025-05-06T00:53:17.067Z", "updated_at": "2025-07-02T16:32:03.656Z", "is_active": true, "code": "ENG-101", "name": "Foundation English", "credit": 3.0, "department": 7, "semester": 1, "sessions_per_week": 2, "duration_per_session": 1, "is_lab": false, "is_assigned": true, "shifts": [1, 2]}}, {"model": "university.course", "pk": 29, "fields": {"created_at": "2025-05-06T00:53:17.067Z", "updated_at": "2025-07-02T16:31:51.563Z", "is_active": true, "code": "EEE-102", "name": "Introduction to Electrical Engineering Sessiona", "credit": 1.5, "department": 4, "semester": 2, "sessions_per_week": 1, "duration_per_session": 2, "is_lab": true, "is_assigned": true, "shifts": [1, 2]}}, {"model": "university.course", "pk": 30, "fields": {"created_at": "2025-05-06T00:53:17.067Z", "updated_at": "2025-07-02T16:32:03.861Z", "is_active": true, "code": "MTH-103", "name": "Mathematics-II", "credit": 3.0, "department": 2, "semester": 2, "sessions_per_week": 2, "duration_per_session": 1, "is_lab": false, "is_assigned": true, "shifts": [1, 2]}}, {"model": "university.course", "pk": 31, "fields": {"created_at": "2025-05-06T00:53:17.067Z", "updated_at": "2025-07-02T16:32:03.978Z", "is_active": true, "code": "ACT-201", "name": "Financial & Managerial Accounting", "credit": 3.0, "department": 8, "semester": 3, "sessions_per_week": 2, "duration_per_session": 1, "is_lab": false, "is_assigned": true, "shifts": [1, 2]}}, {"model": "university.course", "pk": 32, "fields": {"created_at": "2025-05-06T00:53:17.067Z", "updated_at": "2025-07-02T16:32:04.301Z", "is_active": true, "code": "EEE-103", "name": "Electronics Device and Circuits", "credit": 3.0, "department": 4, "semester": 3, "sessions_per_week": 2, "duration_per_session": 1, "is_lab": false, "is_assigned": true, "shifts": [1, 2]}}, {"model": "university.course", "pk": 33, "fields": {"created_at": "2025-05-06T00:53:17.067Z", "updated_at": "2025-07-02T16:32:05.170Z", "is_active": true, "code": "CSE-211", "name": "Object Oriented Programming", "credit": 3.0, "department": 1, "semester": 4, "sessions_per_week": 2, "duration_per_session": 1, "is_lab": false, "is_assigned": true, "shifts": [1, 2]}}, {"model": "university.course", "pk": 34, "fields": {"created_at": "2025-05-06T00:53:17.067Z", "updated_at": "2025-07-02T16:31:51.583Z", "is_active": true, "code": "CSE-212", "name": "Object Oriented Programming Sessional", "credit": 1.5, "department": 1, "semester": 4, "sessions_per_week": 1, "duration_per_session": 2, "is_lab": true, "is_assigned": true, "shifts": [1, 2]}}, {"model": "university.course", "pk": 35, "fields": {"created_at": "2025-05-06T00:53:17.067Z", "updated_at": "2025-07-02T16:32:06.200Z", "is_active": true, "code": "CSE-133", "name": "Numerical Methods", "credit": 3.0, "department": 1, "semester": 5, "sessions_per_week": 2, "duration_per_session": 1, "is_lab": false, "is_assigned": true, "shifts": [1, 2]}}, {"model": "university.course", "pk": 36, "fields": {"created_at": "2025-05-06T00:53:17.067Z", "updated_at": "2025-07-02T16:31:51.603Z", "is_active": true, "code": "CSE-222", "name": "Algorithm Sessional", "credit": 1.5, "department": 1, "semester": 5, "sessions_per_week": 1, "duration_per_session": 2, "is_lab": true, "is_assigned": true, "shifts": [1, 2]}}, {"model": "university.course", "pk": 37, "fields": {"created_at": "2025-05-06T00:53:17.067Z", "updated_at": "2025-07-02T16:31:51.623Z", "is_active": true, "code": "CSE-224", "name": "Database Management Systems Sessional", "credit": 1.5, "department": 1, "semester": 5, "sessions_per_week": 1, "duration_per_session": 2, "is_lab": true, "is_assigned": true, "shifts": [1, 2]}}, {"model": "university.course", "pk": 38, "fields": {"created_at": "2025-05-06T00:53:17.067Z", "updated_at": "2025-07-02T16:32:07.188Z", "is_active": true, "code": "CSE-223", "name": "Database Management Systems", "credit": 3.0, "department": 1, "semester": 5, "sessions_per_week": 2, "duration_per_session": 1, "is_lab": false, "is_assigned": true, "shifts": [1, 2]}}, {"model": "university.course", "pk": 39, "fields": {"created_at": "2025-05-06T00:53:17.067Z", "updated_at": "2025-07-02T16:32:08.121Z", "is_active": true, "code": "CSE-221", "name": "Algorithms", "credit": 3.0, "department": 1, "semester": 5, "sessions_per_week": 2, "duration_per_session": 1, "is_lab": false, "is_assigned": true, "shifts": [1, 2]}}, {"model": "university.course", "pk": 40, "fields": {"created_at": "2025-05-06T00:53:17.067Z", "updated_at": "2025-07-02T16:31:51.791Z", "is_active": true, "code": "CSE-214", "name": "Digital Logic Design Sessional", "credit": 1.5, "department": 1, "semester": 6, "sessions_per_week": 1, "duration_per_session": 2, "is_lab": false, "is_assigned": true, "shifts": [1, 2]}}, {"model": "university.course", "pk": 41, "fields": {"created_at": "2025-05-06T00:53:17.067Z", "updated_at": "2025-07-02T16:32:09.036Z", "is_active": true, "code": "CSE-233", "name": "System Analysis and Design", "credit": 3.0, "department": 1, "semester": 6, "sessions_per_week": 2, "duration_per_session": 1, "is_lab": false, "is_assigned": true, "shifts": [1, 2]}}, {"model": "university.course", "pk": 42, "fields": {"created_at": "2025-05-06T00:53:17.067Z", "updated_at": "2025-07-02T16:32:09.909Z", "is_active": true, "code": "CSE-315", "name": "Theory of Computing", "credit": 3.0, "department": 1, "semester": 6, "sessions_per_week": 2, "duration_per_session": 1, "is_lab": false, "is_assigned": true, "shifts": [1, 2]}}, {"model": "university.course", "pk": 43, "fields": {"created_at": "2025-05-06T00:53:17.067Z", "updated_at": "2025-07-02T16:32:10.875Z", "is_active": true, "code": "CSE-321", "name": "Software Engineering", "credit": 3.0, "department": 1, "semester": 7, "sessions_per_week": 2, "duration_per_session": 1, "is_lab": false, "is_assigned": true, "shifts": [1, 2]}}, {"model": "university.course", "pk": 44, "fields": {"created_at": "2025-05-06T00:53:17.067Z", "updated_at": "2025-07-02T16:32:11.780Z", "is_active": true, "code": "CSE-313", "name": "Microprocessors and Microcontroller", "credit": 3.0, "department": 1, "semester": 7, "sessions_per_week": 2, "duration_per_session": 1, "is_lab": false, "is_assigned": true, "shifts": [1, 2]}}, {"model": "university.course", "pk": 45, "fields": {"created_at": "2025-05-06T00:53:17.067Z", "updated_at": "2025-07-02T16:31:51.969Z", "is_active": true, "code": "CSE-314", "name": "Microprocessors and Microcontroller Sessional", "credit": 1.5, "department": 1, "semester": 7, "sessions_per_week": 1, "duration_per_session": 2, "is_lab": false, "is_assigned": true, "shifts": [1, 2]}}, {"model": "university.course", "pk": 46, "fields": {"created_at": "2025-05-06T00:53:17.067Z", "updated_at": "2025-07-02T16:31:51.993Z", "is_active": true, "code": "CSE-336", "name": "Computer Graphics Sessional", "credit": 1.5, "department": 1, "semester": 8, "sessions_per_week": 1, "duration_per_session": 2, "is_lab": true, "is_assigned": true, "shifts": [1, 2]}}, {"model": "university.course", "pk": 47, "fields": {"created_at": "2025-05-06T00:53:17.067Z", "updated_at": "2025-07-01T17:18:44.658Z", "is_active": true, "code": "CSE-342", "name": "VLSI Design Sessional", "credit": 1.5, "department": 1, "semester": 11, "sessions_per_week": 1, "duration_per_session": 2, "is_lab": true, "is_assigned": false, "shifts": [1]}}, {"model": "university.course", "pk": 48, "fields": {"created_at": "2025-05-06T00:53:17.067Z", "updated_at": "2025-07-02T16:32:12.831Z", "is_active": true, "code": "CSE-417", "name": "Project Management", "credit": 3.0, "department": 1, "semester": 9, "sessions_per_week": 2, "duration_per_session": 1, "is_lab": false, "is_assigned": true, "shifts": [1, 2]}}, {"model": "university.course", "pk": 49, "fields": {"created_at": "2025-05-06T00:53:17.067Z", "updated_at": "2025-07-02T16:31:51.996Z", "is_active": true, "code": "PHY-102", "name": "Physics Sessional", "credit": 1.5, "department": 3, "semester": 2, "sessions_per_week": 1, "duration_per_session": 2, "is_lab": true, "is_assigned": true, "shifts": [1, 2]}}, {"model": "university.course", "pk": 50, "fields": {"created_at": "2025-05-06T00:53:17.067Z", "updated_at": "2025-07-02T16:31:52.004Z", "is_active": true, "code": "EEE-104", "name": "Electronics Device and Circuits Sessional", "credit": 1.5, "department": 4, "semester": 3, "sessions_per_week": 1, "duration_per_session": 2, "is_lab": true, "is_assigned": true, "shifts": [1, 2]}}, {"model": "university.course", "pk": 51, "fields": {"created_at": "2025-05-06T00:53:17.067Z", "updated_at": "2025-07-02T16:31:52.011Z", "is_active": true, "code": "EEE-202", "name": "Electrical Drives and Instrumentation Sessional", "credit": 1.5, "department": 4, "semester": 4, "sessions_per_week": 1, "duration_per_session": 2, "is_lab": true, "is_assigned": true, "shifts": [1, 2]}}, {"model": "university.course", "pk": 52, "fields": {"created_at": "2025-05-06T00:53:17.067Z", "updated_at": "2025-07-02T16:31:52.035Z", "is_active": true, "code": "CSE-234", "name": "System Analysis and Design Sessional", "credit": 1.5, "department": 1, "semester": 6, "sessions_per_week": 1, "duration_per_session": 2, "is_lab": true, "is_assigned": true, "shifts": [1, 2]}}, {"model": "university.course", "pk": 53, "fields": {"created_at": "2025-05-06T00:53:17.067Z", "updated_at": "2025-07-02T16:31:52.058Z", "is_active": true, "code": "CSE-322", "name": "Software Engineering Sessional", "credit": 1.5, "department": 1, "semester": 7, "sessions_per_week": 1, "duration_per_session": 2, "is_lab": true, "is_assigned": true, "shifts": [1, 2]}}, {"model": "university.course", "pk": 54, "fields": {"created_at": "2025-05-06T00:53:17.067Z", "updated_at": "2025-07-02T16:31:52.083Z", "is_active": true, "code": "CSE-332", "name": "Computer Network Sessional", "credit": 1.5, "department": 1, "semester": 8, "sessions_per_week": 1, "duration_per_session": 2, "is_lab": true, "is_assigned": true, "shifts": [1, 2]}}, {"model": "university.course", "pk": 55, "fields": {"created_at": "2025-05-06T00:53:17.067Z", "updated_at": "2025-07-02T16:31:52.108Z", "is_active": true, "code": "CSE-312", "name": "Artificial Intelligence Sessional", "credit": 1.5, "department": 1, "semester": 9, "sessions_per_week": 1, "duration_per_session": 2, "is_lab": true, "is_assigned": true, "shifts": [1, 2]}}, {"model": "university.course", "pk": 56, "fields": {"created_at": "2025-05-06T00:53:17.067Z", "updated_at": "2025-07-02T16:32:13.629Z", "is_active": true, "code": "CSE-345", "name": "Jana Nai / Alternative of VLSI", "credit": 3.0, "department": 1, "semester": 8, "sessions_per_week": 2, "duration_per_session": 1, "is_lab": false, "is_assigned": true, "shifts": [1, 2]}}, {"model": "university.course", "pk": 57, "fields": {"created_at": "2025-05-06T00:53:17.067Z", "updated_at": "2025-07-02T16:31:52.130Z", "is_active": true, "code": "CSE-346", "name": "Jana nai / Alternative of VLSI Sessional", "credit": 1.5, "department": 1, "semester": 8, "sessions_per_week": 1, "duration_per_session": 2, "is_lab": true, "is_assigned": true, "shifts": [1, 2]}}, {"model": "university.assignment", "pk": 13538, "fields": {"created_at": "2025-07-02T16:27:35.444Z", "updated_at": "2025-07-02T16:27:35.444Z", "is_active": true, "course": 3, "teacher": 3, "room": 15, "score": 2.0, "section": 3, "shift": 2, "time_slot": [58, 59]}}, {"model": "university.assignment", "pk": 13539, "fields": {"created_at": "2025-07-02T16:27:35.451Z", "updated_at": "2025-07-02T16:27:35.451Z", "is_active": true, "course": 6, "teacher": 4, "room": 15, "score": 2.0, "section": 7, "shift": 2, "time_slot": [48, 49]}}, {"model": "university.assignment", "pk": 13540, "fields": {"created_at": "2025-07-02T16:27:35.459Z", "updated_at": "2025-07-02T16:27:35.459Z", "is_active": true, "course": 16, "teacher": 6, "room": 16, "score": 2.0, "section": 6, "shift": 2, "time_slot": [48, 49]}}, {"model": "university.assignment", "pk": 13541, "fields": {"created_at": "2025-07-02T16:27:35.467Z", "updated_at": "2025-07-02T16:27:35.467Z", "is_active": true, "course": 27, "teacher": 7, "room": 15, "score": 2.0, "section": 1, "shift": 2, "time_slot": [50, 51]}}, {"model": "university.assignment", "pk": 13542, "fields": {"created_at": "2025-07-02T16:27:35.476Z", "updated_at": "2025-07-02T16:27:35.476Z", "is_active": true, "course": 27, "teacher": 8, "room": 16, "score": 2.0, "section": 11, "shift": 2, "time_slot": [58, 59]}}, {"model": "university.assignment", "pk": 13543, "fields": {"created_at": "2025-07-02T16:27:35.480Z", "updated_at": "2025-07-02T16:27:35.480Z", "is_active": true, "course": 29, "teacher": 13, "room": 13, "score": 2.0, "section": 2, "shift": 2, "time_slot": [58, 59]}}, {"model": "university.assignment", "pk": 13544, "fields": {"created_at": "2025-07-02T16:27:35.491Z", "updated_at": "2025-07-02T16:27:35.491Z", "is_active": true, "course": 34, "teacher": 10, "room": 15, "score": 2.0, "section": 4, "shift": 2, "time_slot": [43, 44]}}, {"model": "university.assignment", "pk": 13545, "fields": {"created_at": "2025-07-02T16:27:35.501Z", "updated_at": "2025-07-02T16:27:35.501Z", "is_active": true, "course": 36, "teacher": 11, "room": 16, "score": 2.0, "section": 5, "shift": 2, "time_slot": [50, 51]}}, {"model": "university.assignment", "pk": 13546, "fields": {"created_at": "2025-07-02T16:27:35.512Z", "updated_at": "2025-07-02T16:27:35.512Z", "is_active": true, "course": 37, "teacher": 15, "room": 16, "score": 2.0, "section": 5, "shift": 2, "time_slot": [43, 44]}}, {"model": "university.assignment", "pk": 13547, "fields": {"created_at": "2025-07-02T16:27:35.600Z", "updated_at": "2025-07-02T16:27:35.600Z", "is_active": true, "course": 40, "teacher": 16, "room": 2, "score": 2.0, "section": 6, "shift": 2, "time_slot": [50, 51]}}, {"model": "university.assignment", "pk": 13548, "fields": {"created_at": "2025-07-02T16:27:35.696Z", "updated_at": "2025-07-02T16:27:35.696Z", "is_active": true, "course": 45, "teacher": 17, "room": 2, "score": 2.0, "section": 7, "shift": 2, "time_slot": [43, 44]}}, {"model": "university.assignment", "pk": 13549, "fields": {"created_at": "2025-07-02T16:27:35.708Z", "updated_at": "2025-07-02T16:27:35.708Z", "is_active": true, "course": 46, "teacher": 25, "room": 15, "score": 2.0, "section": 8, "shift": 2, "time_slot": [52, 53]}}, {"model": "university.assignment", "pk": 13550, "fields": {"created_at": "2025-07-02T16:27:35.711Z", "updated_at": "2025-07-02T16:27:35.711Z", "is_active": true, "course": 49, "teacher": 12, "room": 14, "score": 2.0, "section": 2, "shift": 2, "time_slot": [48, 49]}}, {"model": "university.assignment", "pk": 13551, "fields": {"created_at": "2025-07-02T16:27:35.716Z", "updated_at": "2025-07-02T16:27:35.716Z", "is_active": true, "course": 50, "teacher": 20, "room": 13, "score": 2.0, "section": 3, "shift": 2, "time_slot": [60, 61]}}, {"model": "university.assignment", "pk": 13552, "fields": {"created_at": "2025-07-02T16:27:35.721Z", "updated_at": "2025-07-02T16:27:35.721Z", "is_active": true, "course": 51, "teacher": 24, "room": 13, "score": 2.0, "section": 4, "shift": 2, "time_slot": [45, 46]}}, {"model": "university.assignment", "pk": 13553, "fields": {"created_at": "2025-07-02T16:27:35.735Z", "updated_at": "2025-07-02T16:27:35.735Z", "is_active": true, "course": 52, "teacher": 27, "room": 15, "score": 2.0, "section": 6, "shift": 2, "time_slot": [60, 61]}}, {"model": "university.assignment", "pk": 13554, "fields": {"created_at": "2025-07-02T16:27:35.747Z", "updated_at": "2025-07-02T16:27:35.747Z", "is_active": true, "course": 53, "teacher": 32, "room": 15, "score": 2.0, "section": 7, "shift": 2, "time_slot": [45, 46]}}, {"model": "university.assignment", "pk": 13555, "fields": {"created_at": "2025-07-02T16:27:35.758Z", "updated_at": "2025-07-02T16:27:35.758Z", "is_active": true, "course": 54, "teacher": 33, "room": 16, "score": 2.0, "section": 8, "shift": 2, "time_slot": [60, 61]}}, {"model": "university.assignment", "pk": 13556, "fields": {"created_at": "2025-07-02T16:27:35.770Z", "updated_at": "2025-07-02T16:27:35.770Z", "is_active": true, "course": 55, "teacher": 34, "room": 16, "score": 2.0, "section": 9, "shift": 2, "time_slot": [52, 53]}}, {"model": "university.assignment", "pk": 13557, "fields": {"created_at": "2025-07-02T16:27:35.780Z", "updated_at": "2025-07-02T16:27:35.780Z", "is_active": true, "course": 57, "teacher": 35, "room": 15, "score": 2.0, "section": 8, "shift": 2, "time_slot": [54, 55]}}, {"model": "university.assignment", "pk": 13558, "fields": {"created_at": "2025-07-02T16:27:35.830Z", "updated_at": "2025-07-02T16:27:35.830Z", "is_active": true, "course": 1, "teacher": 1, "room": 2, "score": 2.0, "section": 1, "shift": 2, "time_slot": [58]}}, {"model": "university.assignment", "pk": 13559, "fields": {"created_at": "2025-07-02T16:27:35.847Z", "updated_at": "2025-07-02T16:27:35.847Z", "is_active": true, "course": 1, "teacher": 1, "room": 3, "score": 2.0, "section": 1, "shift": 2, "time_slot": [43]}}, {"model": "university.assignment", "pk": 13560, "fields": {"created_at": "2025-07-02T16:27:35.898Z", "updated_at": "2025-07-02T16:27:35.898Z", "is_active": true, "course": 1, "teacher": 19, "room": 2, "score": 2.0, "section": 11, "shift": 2, "time_slot": [60]}}, {"model": "university.assignment", "pk": 13561, "fields": {"created_at": "2025-07-02T16:27:35.917Z", "updated_at": "2025-07-02T16:27:35.917Z", "is_active": true, "course": 1, "teacher": 19, "room": 4, "score": 2.0, "section": 11, "shift": 2, "time_slot": [43]}}, {"model": "university.assignment", "pk": 13562, "fields": {"created_at": "2025-07-02T16:27:36.144Z", "updated_at": "2025-07-02T16:27:36.144Z", "is_active": true, "course": 2, "teacher": 3, "room": 3, "score": 2.0, "section": 2, "shift": 2, "time_slot": [60]}}, {"model": "university.assignment", "pk": 13563, "fields": {"created_at": "2025-07-02T16:27:36.161Z", "updated_at": "2025-07-02T16:27:36.161Z", "is_active": true, "course": 2, "teacher": 3, "room": 3, "score": 2.0, "section": 2, "shift": 2, "time_slot": [50]}}, {"model": "university.assignment", "pk": 13564, "fields": {"created_at": "2025-07-02T16:27:36.404Z", "updated_at": "2025-07-02T16:27:36.404Z", "is_active": true, "course": 4, "teacher": 4, "room": 4, "score": 2.0, "section": 4, "shift": 2, "time_slot": [50]}}, {"model": "university.assignment", "pk": 13565, "fields": {"created_at": "2025-07-02T16:27:36.418Z", "updated_at": "2025-07-02T16:27:36.418Z", "is_active": true, "course": 4, "teacher": 4, "room": 3, "score": 2.0, "section": 4, "shift": 2, "time_slot": [58]}}, {"model": "university.assignment", "pk": 13566, "fields": {"created_at": "2025-07-02T16:27:36.644Z", "updated_at": "2025-07-02T16:27:36.644Z", "is_active": true, "course": 5, "teacher": 6, "room": 2, "score": 2.0, "section": 6, "shift": 2, "time_slot": [59]}}, {"model": "university.assignment", "pk": 13567, "fields": {"created_at": "2025-07-02T16:27:36.660Z", "updated_at": "2025-07-02T16:27:36.660Z", "is_active": true, "course": 5, "teacher": 6, "room": 7, "score": 2.0, "section": 6, "shift": 2, "time_slot": [43]}}, {"model": "university.assignment", "pk": 13568, "fields": {"created_at": "2025-07-02T16:27:36.879Z", "updated_at": "2025-07-02T16:27:36.879Z", "is_active": true, "course": 7, "teacher": 7, "room": 3, "score": 2.0, "section": 8, "shift": 2, "time_slot": [59]}}, {"model": "university.assignment", "pk": 13569, "fields": {"created_at": "2025-07-02T16:27:36.894Z", "updated_at": "2025-07-02T16:27:36.894Z", "is_active": true, "course": 7, "teacher": 7, "room": 8, "score": 2.0, "section": 8, "shift": 2, "time_slot": [43]}}, {"model": "university.assignment", "pk": 13570, "fields": {"created_at": "2025-07-02T16:27:37.221Z", "updated_at": "2025-07-02T16:27:37.221Z", "is_active": true, "course": 8, "teacher": 8, "room": 3, "score": 2.0, "section": 9, "shift": 2, "time_slot": [51]}}, {"model": "university.assignment", "pk": 13571, "fields": {"created_at": "2025-07-02T16:27:37.241Z", "updated_at": "2025-07-02T16:27:37.241Z", "is_active": true, "course": 8, "teacher": 8, "room": 4, "score": 2.0, "section": 9, "shift": 2, "time_slot": [60]}}, {"model": "university.assignment", "pk": 13572, "fields": {"created_at": "2025-07-02T16:27:37.265Z", "updated_at": "2025-07-02T16:27:37.265Z", "is_active": true, "course": 9, "teacher": 9, "room": 2, "score": 2.0, "section": 1, "shift": 2, "time_slot": [49]}}, {"model": "university.assignment", "pk": 13573, "fields": {"created_at": "2025-07-02T16:27:37.285Z", "updated_at": "2025-07-02T16:27:37.285Z", "is_active": true, "course": 9, "teacher": 9, "room": 3, "score": 2.0, "section": 1, "shift": 2, "time_slot": [44]}}, {"model": "university.assignment", "pk": 13574, "fields": {"created_at": "2025-07-02T16:27:37.307Z", "updated_at": "2025-07-02T16:27:37.307Z", "is_active": true, "course": 9, "teacher": 9, "room": 2, "score": 2.0, "section": 11, "shift": 2, "time_slot": [48]}}, {"model": "university.assignment", "pk": 13575, "fields": {"created_at": "2025-07-02T16:27:37.325Z", "updated_at": "2025-07-02T16:27:37.325Z", "is_active": true, "course": 9, "teacher": 9, "room": 2, "score": 2.0, "section": 11, "shift": 2, "time_slot": [61]}}, {"model": "university.assignment", "pk": 13576, "fields": {"created_at": "2025-07-02T16:27:37.579Z", "updated_at": "2025-07-02T16:27:37.579Z", "is_active": true, "course": 10, "teacher": 10, "room": 4, "score": 2.0, "section": 6, "shift": 2, "time_slot": [58]}}, {"model": "university.assignment", "pk": 13577, "fields": {"created_at": "2025-07-02T16:27:37.597Z", "updated_at": "2025-07-02T16:27:37.597Z", "is_active": true, "course": 10, "teacher": 10, "room": 2, "score": 2.0, "section": 6, "shift": 2, "time_slot": [52]}}, {"model": "university.assignment", "pk": 13578, "fields": {"created_at": "2025-07-02T16:27:37.620Z", "updated_at": "2025-07-02T16:27:37.620Z", "is_active": true, "course": 12, "teacher": 12, "room": 9, "score": 2.0, "section": 2, "shift": 2, "time_slot": [43]}}, {"model": "university.assignment", "pk": 13579, "fields": {"created_at": "2025-07-02T16:27:37.641Z", "updated_at": "2025-07-02T16:27:37.641Z", "is_active": true, "course": 12, "teacher": 12, "room": 3, "score": 2.0, "section": 2, "shift": 2, "time_slot": [61]}}, {"model": "university.assignment", "pk": 13580, "fields": {"created_at": "2025-07-02T16:27:37.717Z", "updated_at": "2025-07-02T16:27:37.717Z", "is_active": true, "course": 13, "teacher": 31, "room": 3, "score": 2.0, "section": 3, "shift": 2, "time_slot": [48]}}, {"model": "university.assignment", "pk": 13581, "fields": {"created_at": "2025-07-02T16:27:37.739Z", "updated_at": "2025-07-02T16:27:37.739Z", "is_active": true, "course": 13, "teacher": 31, "room": 10, "score": 2.0, "section": 3, "shift": 2, "time_slot": [43]}}, {"model": "university.assignment", "pk": 13582, "fields": {"created_at": "2025-07-02T16:27:37.850Z", "updated_at": "2025-07-02T16:27:37.850Z", "is_active": true, "course": 14, "teacher": 28, "room": 3, "score": 2.0, "section": 4, "shift": 2, "time_slot": [49]}}, {"model": "university.assignment", "pk": 13583, "fields": {"created_at": "2025-07-02T16:27:37.870Z", "updated_at": "2025-07-02T16:27:37.870Z", "is_active": true, "course": 14, "teacher": 28, "room": 4, "score": 2.0, "section": 4, "shift": 2, "time_slot": [59]}}, {"model": "university.assignment", "pk": 13584, "fields": {"created_at": "2025-07-02T16:27:38.261Z", "updated_at": "2025-07-02T16:27:38.261Z", "is_active": true, "course": 15, "teacher": 11, "room": 4, "score": 2.0, "section": 5, "shift": 2, "time_slot": [49]}}, {"model": "university.assignment", "pk": 13585, "fields": {"created_at": "2025-07-02T16:27:38.287Z", "updated_at": "2025-07-02T16:27:38.287Z", "is_active": true, "course": 15, "teacher": 11, "room": 7, "score": 2.0, "section": 5, "shift": 2, "time_slot": [58]}}, {"model": "university.assignment", "pk": 13586, "fields": {"created_at": "2025-07-02T16:27:38.610Z", "updated_at": "2025-07-02T16:27:38.610Z", "is_active": true, "course": 17, "teacher": 15, "room": 7, "score": 2.0, "section": 7, "shift": 2, "time_slot": [50]}}, {"model": "university.assignment", "pk": 13587, "fields": {"created_at": "2025-07-02T16:27:38.632Z", "updated_at": "2025-07-02T16:27:38.632Z", "is_active": true, "course": 17, "teacher": 15, "room": 8, "score": 2.0, "section": 7, "shift": 2, "time_slot": [58]}}, {"model": "university.assignment", "pk": 13588, "fields": {"created_at": "2025-07-02T16:27:38.905Z", "updated_at": "2025-07-02T16:27:38.905Z", "is_active": true, "course": 18, "teacher": 16, "room": 9, "score": 2.0, "section": 8, "shift": 2, "time_slot": [58]}}, {"model": "university.assignment", "pk": 13589, "fields": {"created_at": "2025-07-02T16:27:38.922Z", "updated_at": "2025-07-02T16:27:38.922Z", "is_active": true, "course": 18, "teacher": 16, "room": 4, "score": 2.0, "section": 8, "shift": 2, "time_slot": [44]}}, {"model": "university.assignment", "pk": 13590, "fields": {"created_at": "2025-07-02T16:27:39.304Z", "updated_at": "2025-07-02T16:27:39.304Z", "is_active": true, "course": 19, "teacher": 17, "room": 2, "score": 2.0, "section": 9, "shift": 2, "time_slot": [45]}}, {"model": "university.assignment", "pk": 13591, "fields": {"created_at": "2025-07-02T16:27:39.329Z", "updated_at": "2025-07-02T16:27:39.329Z", "is_active": true, "course": 19, "teacher": 17, "room": 8, "score": 2.0, "section": 9, "shift": 2, "time_slot": [50]}}, {"model": "university.assignment", "pk": 13592, "fields": {"created_at": "2025-07-02T16:27:39.834Z", "updated_at": "2025-07-02T16:27:39.834Z", "is_active": true, "course": 20, "teacher": 25, "room": 10, "score": 2.0, "section": 10, "shift": 2, "time_slot": [58]}}, {"model": "university.assignment", "pk": 13593, "fields": {"created_at": "2025-07-02T16:27:39.868Z", "updated_at": "2025-07-02T16:27:39.868Z", "is_active": true, "course": 20, "teacher": 25, "room": 17, "score": 2.0, "section": 10, "shift": 2, "time_slot": [43]}}, {"model": "university.assignment", "pk": 13594, "fields": {"created_at": "2025-07-02T16:27:39.988Z", "updated_at": "2025-07-02T16:27:39.988Z", "is_active": true, "course": 21, "teacher": 29, "room": 4, "score": 2.0, "section": 2, "shift": 2, "time_slot": [51]}}, {"model": "university.assignment", "pk": 13595, "fields": {"created_at": "2025-07-02T16:27:40.010Z", "updated_at": "2025-07-02T16:27:40.010Z", "is_active": true, "course": 21, "teacher": 29, "room": 7, "score": 2.0, "section": 2, "shift": 2, "time_slot": [44]}}, {"model": "university.assignment", "pk": 13596, "fields": {"created_at": "2025-07-02T16:27:40.412Z", "updated_at": "2025-07-02T16:27:40.412Z", "is_active": true, "course": 22, "teacher": 27, "room": 8, "score": 2.0, "section": 3, "shift": 2, "time_slot": [44]}}, {"model": "university.assignment", "pk": 13597, "fields": {"created_at": "2025-07-02T16:27:40.441Z", "updated_at": "2025-07-02T16:27:40.441Z", "is_active": true, "course": 22, "teacher": 27, "room": 7, "score": 2.0, "section": 3, "shift": 2, "time_slot": [49]}}, {"model": "university.assignment", "pk": 13598, "fields": {"created_at": "2025-07-02T16:27:40.515Z", "updated_at": "2025-07-02T16:27:40.515Z", "is_active": true, "course": 23, "teacher": 1, "room": 4, "score": 2.0, "section": 4, "shift": 2, "time_slot": [48]}}, {"model": "university.assignment", "pk": 13599, "fields": {"created_at": "2025-07-02T16:27:40.537Z", "updated_at": "2025-07-02T16:27:40.537Z", "is_active": true, "course": 23, "teacher": 1, "room": 7, "score": 1.5, "section": 4, "shift": 2, "time_slot": [60]}}, {"model": "university.assignment", "pk": 13600, "fields": {"created_at": "2025-07-02T16:27:40.565Z", "updated_at": "2025-07-02T16:27:40.565Z", "is_active": true, "course": 24, "teacher": 21, "room": 7, "score": 2.0, "section": 7, "shift": 2, "time_slot": [51]}}, {"model": "university.assignment", "pk": 13601, "fields": {"created_at": "2025-07-02T16:27:40.588Z", "updated_at": "2025-07-02T16:27:40.588Z", "is_active": true, "course": 24, "teacher": 21, "room": 7, "score": 2.0, "section": 7, "shift": 2, "time_slot": [59]}}, {"model": "university.assignment", "pk": 13602, "fields": {"created_at": "2025-07-02T16:27:40.940Z", "updated_at": "2025-07-02T16:27:40.940Z", "is_active": true, "course": 25, "teacher": 32, "room": 8, "score": 2.0, "section": 8, "shift": 2, "time_slot": [51]}}, {"model": "university.assignment", "pk": 13603, "fields": {"created_at": "2025-07-02T16:27:41.415Z", "updated_at": "2025-07-02T16:27:41.415Z", "is_active": true, "course": 26, "teacher": 33, "room": 8, "score": 2.0, "section": 1, "shift": 2, "time_slot": [59]}}, {"model": "university.assignment", "pk": 13604, "fields": {"created_at": "2025-07-02T16:27:41.444Z", "updated_at": "2025-07-02T16:27:41.444Z", "is_active": true, "course": 26, "teacher": 33, "room": 3, "score": 2.0, "section": 1, "shift": 2, "time_slot": [45]}}, {"model": "university.assignment", "pk": 13605, "fields": {"created_at": "2025-07-02T16:27:41.878Z", "updated_at": "2025-07-02T16:27:41.878Z", "is_active": true, "course": 26, "teacher": 34, "room": 9, "score": 2.0, "section": 11, "shift": 2, "time_slot": [44]}}, {"model": "university.assignment", "pk": 13606, "fields": {"created_at": "2025-07-02T16:27:41.904Z", "updated_at": "2025-07-02T16:27:41.904Z", "is_active": true, "course": 26, "teacher": 34, "room": 9, "score": 1.8333333333333335, "section": 11, "shift": 2, "time_slot": [51]}}, {"model": "university.assignment", "pk": 13607, "fields": {"created_at": "2025-07-02T16:27:41.935Z", "updated_at": "2025-07-02T16:27:41.935Z", "is_active": true, "course": 28, "teacher": 22, "room": 7, "score": 2.0, "section": 1, "shift": 2, "time_slot": [48]}}, {"model": "university.assignment", "pk": 13608, "fields": {"created_at": "2025-07-02T16:27:41.962Z", "updated_at": "2025-07-02T16:27:41.962Z", "is_active": true, "course": 28, "teacher": 22, "room": 2, "score": 2.0, "section": 1, "shift": 2, "time_slot": [46]}}, {"model": "university.assignment", "pk": 13609, "fields": {"created_at": "2025-07-02T16:27:41.990Z", "updated_at": "2025-07-02T16:27:41.990Z", "is_active": true, "course": 28, "teacher": 22, "room": 8, "score": 1.9166666666666665, "section": 11, "shift": 2, "time_slot": [49]}}, {"model": "university.assignment", "pk": 13610, "fields": {"created_at": "2025-07-02T16:27:42.012Z", "updated_at": "2025-07-02T16:27:42.012Z", "is_active": true, "course": 28, "teacher": 22, "room": 4, "score": 1.9166666666666665, "section": 11, "shift": 2, "time_slot": [45]}}, {"model": "university.assignment", "pk": 13611, "fields": {"created_at": "2025-07-02T16:27:42.090Z", "updated_at": "2025-07-02T16:27:42.090Z", "is_active": true, "course": 30, "teacher": 19, "room": 3, "score": 2.0, "section": 2, "shift": 2, "time_slot": [52]}}, {"model": "university.assignment", "pk": 13612, "fields": {"created_at": "2025-07-02T16:27:42.112Z", "updated_at": "2025-07-02T16:27:42.112Z", "is_active": true, "course": 30, "teacher": 19, "room": 7, "score": 1.5, "section": 2, "shift": 2, "time_slot": [45]}}, {"model": "university.assignment", "pk": 13613, "fields": {"created_at": "2025-07-02T16:27:42.143Z", "updated_at": "2025-07-02T16:27:42.143Z", "is_active": true, "course": 31, "teacher": 23, "room": 9, "score": 2.0, "section": 3, "shift": 2, "time_slot": [50]}}, {"model": "university.assignment", "pk": 13614, "fields": {"created_at": "2025-07-02T16:27:42.169Z", "updated_at": "2025-07-02T16:27:42.169Z", "is_active": true, "course": 31, "teacher": 23, "room": 8, "score": 2.0, "section": 3, "shift": 2, "time_slot": [45]}}, {"model": "university.assignment", "pk": 13615, "fields": {"created_at": "2025-07-02T16:27:42.294Z", "updated_at": "2025-07-02T16:27:42.294Z", "is_active": true, "course": 32, "teacher": 13, "room": 3, "score": 2.0, "section": 3, "shift": 2, "time_slot": [46]}}, {"model": "university.assignment", "pk": 13616, "fields": {"created_at": "2025-07-02T16:27:42.320Z", "updated_at": "2025-07-02T16:27:42.320Z", "is_active": true, "course": 32, "teacher": 13, "room": 10, "score": 2.0, "section": 3, "shift": 2, "time_slot": [51]}}, {"model": "university.assignment", "pk": 13617, "fields": {"created_at": "2025-07-02T16:27:42.690Z", "updated_at": "2025-07-02T16:27:42.690Z", "is_active": true, "course": 33, "teacher": 35, "room": 4, "score": 2.0, "section": 4, "shift": 2, "time_slot": [61]}}, {"model": "university.assignment", "pk": 13618, "fields": {"created_at": "2025-07-02T16:27:42.708Z", "updated_at": "2025-07-02T16:27:42.708Z", "is_active": true, "course": 33, "teacher": 35, "room": 2, "score": 1.8333333333333335, "section": 4, "shift": 2, "time_slot": [53]}}, {"model": "university.assignment", "pk": 13619, "fields": {"created_at": "2025-07-02T16:27:43.224Z", "updated_at": "2025-07-02T16:27:43.224Z", "is_active": true, "course": 35, "teacher": 32, "room": 9, "score": 2.0, "section": 5, "shift": 2, "time_slot": [59]}}, {"model": "university.assignment", "pk": 13620, "fields": {"created_at": "2025-07-02T16:27:43.256Z", "updated_at": "2025-07-02T16:27:43.256Z", "is_active": true, "course": 35, "teacher": 32, "room": 4, "score": 2.0, "section": 5, "shift": 2, "time_slot": [52]}}, {"model": "university.assignment", "pk": 13621, "fields": {"created_at": "2025-07-02T16:27:43.718Z", "updated_at": "2025-07-02T16:27:43.718Z", "is_active": true, "course": 38, "teacher": 3, "room": 9, "score": 2.0, "section": 5, "shift": 2, "time_slot": [45]}}, {"model": "university.assignment", "pk": 13622, "fields": {"created_at": "2025-07-02T16:27:43.748Z", "updated_at": "2025-07-02T16:27:43.748Z", "is_active": true, "course": 38, "teacher": 3, "room": 7, "score": 1.9166666666666665, "section": 5, "shift": 2, "time_slot": [61]}}, {"model": "university.assignment", "pk": 13623, "fields": {"created_at": "2025-07-02T16:27:44.153Z", "updated_at": "2025-07-02T16:27:44.153Z", "is_active": true, "course": 39, "teacher": 6, "room": 8, "score": 2.0, "section": 5, "shift": 2, "time_slot": [60]}}, {"model": "university.assignment", "pk": 13624, "fields": {"created_at": "2025-07-02T16:27:44.179Z", "updated_at": "2025-07-02T16:27:44.179Z", "is_active": true, "course": 39, "teacher": 6, "room": 4, "score": 1.8333333333333335, "section": 5, "shift": 2, "time_slot": [46]}}, {"model": "university.assignment", "pk": 13625, "fields": {"created_at": "2025-07-02T16:27:44.561Z", "updated_at": "2025-07-02T16:27:44.561Z", "is_active": true, "course": 41, "teacher": 4, "room": 10, "score": 2.0, "section": 6, "shift": 2, "time_slot": [44]}}, {"model": "university.assignment", "pk": 13626, "fields": {"created_at": "2025-07-02T16:27:44.587Z", "updated_at": "2025-07-02T16:27:44.587Z", "is_active": true, "course": 41, "teacher": 4, "room": 3, "score": 1.75, "section": 6, "shift": 2, "time_slot": [53]}}, {"model": "university.assignment", "pk": 13627, "fields": {"created_at": "2025-07-02T16:27:44.908Z", "updated_at": "2025-07-02T16:27:44.908Z", "is_active": true, "course": 42, "teacher": 8, "room": 10, "score": 2.0, "section": 6, "shift": 2, "time_slot": [45]}}, {"model": "university.assignment", "pk": 13628, "fields": {"created_at": "2025-07-02T16:27:44.930Z", "updated_at": "2025-07-02T16:27:44.930Z", "is_active": true, "course": 42, "teacher": 8, "room": 2, "score": 1.8, "section": 6, "shift": 2, "time_slot": [54]}}, {"model": "university.assignment", "pk": 13629, "fields": {"created_at": "2025-07-02T16:27:45.320Z", "updated_at": "2025-07-02T16:27:45.320Z", "is_active": true, "course": 43, "teacher": 7, "room": 9, "score": 2.0, "section": 7, "shift": 2, "time_slot": [60]}}, {"model": "university.assignment", "pk": 13630, "fields": {"created_at": "2025-07-02T16:27:45.348Z", "updated_at": "2025-07-02T16:27:45.348Z", "is_active": true, "course": 43, "teacher": 7, "room": 7, "score": 2.0, "section": 7, "shift": 2, "time_slot": [52]}}, {"model": "university.assignment", "pk": 13631, "fields": {"created_at": "2025-07-02T16:27:45.679Z", "updated_at": "2025-07-02T16:27:45.679Z", "is_active": true, "course": 44, "teacher": 10, "room": 4, "score": 2.0, "section": 7, "shift": 2, "time_slot": [53]}}, {"model": "university.assignment", "pk": 13632, "fields": {"created_at": "2025-07-02T16:27:45.698Z", "updated_at": "2025-07-02T16:27:45.698Z", "is_active": true, "course": 44, "teacher": 10, "room": 8, "score": 1.8333333333333335, "section": 7, "shift": 2, "time_slot": [61]}}, {"model": "university.assignment", "pk": 13633, "fields": {"created_at": "2025-07-02T16:27:46.171Z", "updated_at": "2025-07-02T16:27:46.171Z", "is_active": true, "course": 48, "teacher": 11, "room": 17, "score": 2.0, "section": 9, "shift": 2, "time_slot": [44]}}, {"model": "university.assignment", "pk": 13634, "fields": {"created_at": "2025-07-02T16:27:46.202Z", "updated_at": "2025-07-02T16:27:46.202Z", "is_active": true, "course": 48, "teacher": 11, "room": 10, "score": 2.0, "section": 9, "shift": 2, "time_slot": [59]}}, {"model": "university.assignment", "pk": 13635, "fields": {"created_at": "2025-07-02T16:27:46.504Z", "updated_at": "2025-07-02T16:27:46.504Z", "is_active": true, "course": 56, "teacher": 15, "room": 17, "score": 2.0, "section": 8, "shift": 2, "time_slot": [45]}}, {"model": "university.assignment", "pk": 13636, "fields": {"created_at": "2025-07-02T16:27:46.524Z", "updated_at": "2025-07-02T16:27:46.524Z", "is_active": true, "course": 56, "teacher": 15, "room": 9, "score": 1.9166666666666665, "section": 8, "shift": 2, "time_slot": [49]}}, {"model": "university.assignment", "pk": 13837, "fields": {"created_at": "2025-07-02T16:31:51.500Z", "updated_at": "2025-07-02T16:31:51.500Z", "is_active": true, "course": 3, "teacher": 3, "room": 15, "score": 2.25, "section": 14, "shift": 1, "time_slot": [80, 81]}}, {"model": "university.assignment", "pk": 13838, "fields": {"created_at": "2025-07-02T16:31:51.512Z", "updated_at": "2025-07-02T16:31:51.512Z", "is_active": true, "course": 6, "teacher": 4, "room": 15, "score": 2.25, "section": 18, "shift": 1, "time_slot": [74, 75]}}, {"model": "university.assignment", "pk": 13839, "fields": {"created_at": "2025-07-02T16:31:51.526Z", "updated_at": "2025-07-02T16:31:51.526Z", "is_active": true, "course": 16, "teacher": 6, "room": 16, "score": 2.25, "section": 17, "shift": 1, "time_slot": [74, 75]}}, {"model": "university.assignment", "pk": 13840, "fields": {"created_at": "2025-07-02T16:31:51.541Z", "updated_at": "2025-07-02T16:31:51.541Z", "is_active": true, "course": 27, "teacher": 7, "room": 15, "score": 2.25, "section": 12, "shift": 1, "time_slot": [62, 63]}}, {"model": "university.assignment", "pk": 13841, "fields": {"created_at": "2025-07-02T16:31:51.557Z", "updated_at": "2025-07-02T16:31:51.557Z", "is_active": true, "course": 27, "teacher": 8, "room": 15, "score": 2.25, "section": 22, "shift": 1, "time_slot": [76, 77]}}, {"model": "university.assignment", "pk": 13842, "fields": {"created_at": "2025-07-02T16:31:51.563Z", "updated_at": "2025-07-02T16:31:51.563Z", "is_active": true, "course": 29, "teacher": 13, "room": 13, "score": 2.25, "section": 13, "shift": 1, "time_slot": [80, 81]}}, {"model": "university.assignment", "pk": 13843, "fields": {"created_at": "2025-07-02T16:31:51.582Z", "updated_at": "2025-07-02T16:31:51.582Z", "is_active": true, "course": 34, "teacher": 10, "room": 16, "score": 2.25, "section": 15, "shift": 1, "time_slot": [76, 77]}}, {"model": "university.assignment", "pk": 13844, "fields": {"created_at": "2025-07-02T16:31:51.602Z", "updated_at": "2025-07-02T16:31:51.602Z", "is_active": true, "course": 36, "teacher": 11, "room": 16, "score": 2.25, "section": 16, "shift": 1, "time_slot": [62, 63]}}, {"model": "university.assignment", "pk": 13845, "fields": {"created_at": "2025-07-02T16:31:51.622Z", "updated_at": "2025-07-02T16:31:51.622Z", "is_active": true, "course": 37, "teacher": 15, "room": 16, "score": 2.75, "section": 16, "shift": 1, "time_slot": [80, 81]}}, {"model": "university.assignment", "pk": 13846, "fields": {"created_at": "2025-07-02T16:31:51.790Z", "updated_at": "2025-07-02T16:31:51.790Z", "is_active": true, "course": 40, "teacher": 16, "room": 2, "score": 2.75, "section": 17, "shift": 1, "time_slot": [68, 69]}}, {"model": "university.assignment", "pk": 13847, "fields": {"created_at": "2025-07-02T16:31:51.968Z", "updated_at": "2025-07-02T16:31:51.968Z", "is_active": true, "course": 45, "teacher": 17, "room": 3, "score": 2.75, "section": 18, "shift": 1, "time_slot": [68, 69]}}, {"model": "university.assignment", "pk": 13848, "fields": {"created_at": "2025-07-02T16:31:51.992Z", "updated_at": "2025-07-02T16:31:51.992Z", "is_active": true, "course": 46, "teacher": 25, "room": 15, "score": 2.25, "section": 19, "shift": 1, "time_slot": [78, 79]}}, {"model": "university.assignment", "pk": 13849, "fields": {"created_at": "2025-07-02T16:31:51.995Z", "updated_at": "2025-07-02T16:31:51.995Z", "is_active": true, "course": 49, "teacher": 12, "room": 14, "score": 2.75, "section": 13, "shift": 1, "time_slot": [74, 75]}}, {"model": "university.assignment", "pk": 13850, "fields": {"created_at": "2025-07-02T16:31:52.003Z", "updated_at": "2025-07-02T16:31:52.003Z", "is_active": true, "course": 50, "teacher": 20, "room": 13, "score": 2.75, "section": 14, "shift": 1, "time_slot": [68, 69]}}, {"model": "university.assignment", "pk": 13851, "fields": {"created_at": "2025-07-02T16:31:52.010Z", "updated_at": "2025-07-02T16:31:52.010Z", "is_active": true, "course": 51, "teacher": 24, "room": 13, "score": 2.75, "section": 15, "shift": 1, "time_slot": [62, 63]}}, {"model": "university.assignment", "pk": 13852, "fields": {"created_at": "2025-07-02T16:31:52.034Z", "updated_at": "2025-07-02T16:31:52.034Z", "is_active": true, "course": 52, "teacher": 27, "room": 15, "score": 2.9166666666666665, "section": 17, "shift": 1, "time_slot": [64, 65]}}, {"model": "university.assignment", "pk": 13853, "fields": {"created_at": "2025-07-02T16:31:52.058Z", "updated_at": "2025-07-02T16:31:52.058Z", "is_active": true, "course": 53, "teacher": 32, "room": 15, "score": 2.9166666666666665, "section": 18, "shift": 1, "time_slot": [82, 83]}}, {"model": "university.assignment", "pk": 13854, "fields": {"created_at": "2025-07-02T16:31:52.082Z", "updated_at": "2025-07-02T16:31:52.082Z", "is_active": true, "course": 54, "teacher": 33, "room": 16, "score": 2.75, "section": 19, "shift": 1, "time_slot": [64, 65]}}, {"model": "university.assignment", "pk": 13855, "fields": {"created_at": "2025-07-02T16:31:52.107Z", "updated_at": "2025-07-02T16:31:52.107Z", "is_active": true, "course": 55, "teacher": 34, "room": 16, "score": 2.25, "section": 20, "shift": 1, "time_slot": [82, 83]}}, {"model": "university.assignment", "pk": 13856, "fields": {"created_at": "2025-07-02T16:31:52.129Z", "updated_at": "2025-07-02T16:31:52.129Z", "is_active": true, "course": 57, "teacher": 35, "room": 15, "score": 2.9166666666666665, "section": 19, "shift": 1, "time_slot": [68, 69]}}, {"model": "university.assignment", "pk": 13857, "fields": {"created_at": "2025-07-02T16:31:52.208Z", "updated_at": "2025-07-02T16:31:52.208Z", "is_active": true, "course": 1, "teacher": 1, "room": 2, "score": 2.6944444444444446, "section": 12, "shift": 1, "time_slot": [74]}}, {"model": "university.assignment", "pk": 13858, "fields": {"created_at": "2025-07-02T16:31:52.234Z", "updated_at": "2025-07-02T16:31:52.234Z", "is_active": true, "course": 1, "teacher": 1, "room": 4, "score": 2.8541666666666665, "section": 12, "shift": 1, "time_slot": [68]}}, {"model": "university.assignment", "pk": 13859, "fields": {"created_at": "2025-07-02T16:31:52.317Z", "updated_at": "2025-07-02T16:31:52.317Z", "is_active": true, "course": 1, "teacher": 19, "room": 7, "score": 2.6944444444444446, "section": 22, "shift": 1, "time_slot": [68]}}, {"model": "university.assignment", "pk": 13860, "fields": {"created_at": "2025-07-02T16:31:52.345Z", "updated_at": "2025-07-02T16:31:52.345Z", "is_active": true, "course": 1, "teacher": 19, "room": 2, "score": 2.8541666666666665, "section": 22, "shift": 1, "time_slot": [62]}}, {"model": "university.assignment", "pk": 13861, "fields": {"created_at": "2025-07-02T16:31:52.758Z", "updated_at": "2025-07-02T16:31:52.758Z", "is_active": true, "course": 2, "teacher": 3, "room": 8, "score": 2.89, "section": 13, "shift": 1, "time_slot": [68]}}, {"model": "university.assignment", "pk": 13862, "fields": {"created_at": "2025-07-02T16:31:52.786Z", "updated_at": "2025-07-02T16:31:52.786Z", "is_active": true, "course": 2, "teacher": 3, "room": 3, "score": 2.9722222222222223, "section": 13, "shift": 1, "time_slot": [62]}}, {"model": "university.assignment", "pk": 13863, "fields": {"created_at": "2025-07-02T16:31:53.218Z", "updated_at": "2025-07-02T16:31:53.218Z", "is_active": true, "course": 4, "teacher": 4, "room": 2, "score": 2.89, "section": 15, "shift": 1, "time_slot": [80]}}, {"model": "university.assignment", "pk": 13864, "fields": {"created_at": "2025-07-02T16:31:53.244Z", "updated_at": "2025-07-02T16:31:53.244Z", "is_active": true, "course": 4, "teacher": 4, "room": 9, "score": 2.9722222222222223, "section": 15, "shift": 1, "time_slot": [68]}}, {"model": "university.assignment", "pk": 13865, "fields": {"created_at": "2025-07-02T16:31:53.663Z", "updated_at": "2025-07-02T16:31:53.663Z", "is_active": true, "course": 5, "teacher": 6, "room": 3, "score": 2.9846938775510203, "section": 17, "shift": 1, "time_slot": [80]}}, {"model": "university.assignment", "pk": 13866, "fields": {"created_at": "2025-07-02T16:31:53.692Z", "updated_at": "2025-07-02T16:31:53.692Z", "is_active": true, "course": 5, "teacher": 6, "room": 2, "score": 2.984375, "section": 17, "shift": 1, "time_slot": [70]}}, {"model": "university.assignment", "pk": 13867, "fields": {"created_at": "2025-07-02T16:31:54.134Z", "updated_at": "2025-07-02T16:31:54.134Z", "is_active": true, "course": 7, "teacher": 7, "room": 4, "score": 2.9846938775510203, "section": 19, "shift": 1, "time_slot": [80]}}, {"model": "university.assignment", "pk": 13868, "fields": {"created_at": "2025-07-02T16:31:54.160Z", "updated_at": "2025-07-02T16:31:54.160Z", "is_active": true, "course": 7, "teacher": 7, "room": 3, "score": 2.984375, "section": 19, "shift": 1, "time_slot": [70]}}, {"model": "university.assignment", "pk": 13869, "fields": {"created_at": "2025-07-02T16:31:54.698Z", "updated_at": "2025-07-02T16:31:54.698Z", "is_active": true, "course": 8, "teacher": 8, "room": 2, "score": 2.6944444444444446, "section": 20, "shift": 1, "time_slot": [75]}}, {"model": "university.assignment", "pk": 13870, "fields": {"created_at": "2025-07-02T16:31:54.732Z", "updated_at": "2025-07-02T16:31:54.732Z", "is_active": true, "course": 8, "teacher": 8, "room": 4, "score": 2.8541666666666665, "section": 20, "shift": 1, "time_slot": [62]}}, {"model": "university.assignment", "pk": 13871, "fields": {"created_at": "2025-07-02T16:31:54.771Z", "updated_at": "2025-07-02T16:31:54.771Z", "is_active": true, "course": 9, "teacher": 9, "room": 7, "score": 2.9699999999999998, "section": 12, "shift": 1, "time_slot": [80]}}, {"model": "university.assignment", "pk": 13872, "fields": {"created_at": "2025-07-02T16:31:54.806Z", "updated_at": "2025-07-02T16:31:54.806Z", "is_active": true, "course": 9, "teacher": 9, "room": 3, "score": 2.9722222222222223, "section": 12, "shift": 1, "time_slot": [75]}}, {"model": "university.assignment", "pk": 13873, "fields": {"created_at": "2025-07-02T16:31:54.844Z", "updated_at": "2025-07-02T16:31:54.844Z", "is_active": true, "course": 9, "teacher": 9, "room": 2, "score": 2.9699999999999998, "section": 22, "shift": 1, "time_slot": [81]}}, {"model": "university.assignment", "pk": 13874, "fields": {"created_at": "2025-07-02T16:31:54.877Z", "updated_at": "2025-07-02T16:31:54.877Z", "is_active": true, "course": 9, "teacher": 9, "room": 4, "score": 2.9722222222222223, "section": 22, "shift": 1, "time_slot": [69]}}, {"model": "university.assignment", "pk": 13875, "fields": {"created_at": "2025-07-02T16:31:55.370Z", "updated_at": "2025-07-02T16:31:55.370Z", "is_active": true, "course": 10, "teacher": 10, "room": 3, "score": 2.9907407407407405, "section": 17, "shift": 1, "time_slot": [81]}}, {"model": "university.assignment", "pk": 13876, "fields": {"created_at": "2025-07-02T16:31:55.398Z", "updated_at": "2025-07-02T16:31:55.398Z", "is_active": true, "course": 10, "teacher": 10, "room": 2, "score": 2.98, "section": 17, "shift": 1, "time_slot": [63]}}, {"model": "university.assignment", "pk": 13877, "fields": {"created_at": "2025-07-02T16:31:55.439Z", "updated_at": "2025-07-02T16:31:55.439Z", "is_active": true, "course": 12, "teacher": 12, "room": 7, "score": 2.9846938775510203, "section": 13, "shift": 1, "time_slot": [69]}}, {"model": "university.assignment", "pk": 13878, "fields": {"created_at": "2025-07-02T16:31:55.476Z", "updated_at": "2025-07-02T16:31:55.476Z", "is_active": true, "course": 12, "teacher": 12, "room": 3, "score": 2.9791666666666665, "section": 13, "shift": 1, "time_slot": [63]}}, {"model": "university.assignment", "pk": 13879, "fields": {"created_at": "2025-07-02T16:31:55.607Z", "updated_at": "2025-07-02T16:31:55.607Z", "is_active": true, "course": 13, "teacher": 31, "room": 7, "score": 2.89, "section": 14, "shift": 1, "time_slot": [62]}}, {"model": "university.assignment", "pk": 13880, "fields": {"created_at": "2025-07-02T16:31:55.649Z", "updated_at": "2025-07-02T16:31:55.649Z", "is_active": true, "course": 13, "teacher": 31, "room": 3, "score": 2.9722222222222223, "section": 14, "shift": 1, "time_slot": [74]}}, {"model": "university.assignment", "pk": 13881, "fields": {"created_at": "2025-07-02T16:31:55.852Z", "updated_at": "2025-07-02T16:31:55.852Z", "is_active": true, "course": 14, "teacher": 28, "room": 4, "score": 2.9846938775510203, "section": 15, "shift": 1, "time_slot": [81]}}, {"model": "university.assignment", "pk": 13882, "fields": {"created_at": "2025-07-02T16:31:55.891Z", "updated_at": "2025-07-02T16:31:55.891Z", "is_active": true, "course": 14, "teacher": 28, "room": 8, "score": 2.9791666666666665, "section": 15, "shift": 1, "time_slot": [69]}}, {"model": "university.assignment", "pk": 13883, "fields": {"created_at": "2025-07-02T16:31:56.576Z", "updated_at": "2025-07-02T16:31:56.576Z", "is_active": true, "course": 15, "teacher": 11, "room": 10, "score": 2.89, "section": 16, "shift": 1, "time_slot": [68]}}, {"model": "university.assignment", "pk": 13884, "fields": {"created_at": "2025-07-02T16:31:56.622Z", "updated_at": "2025-07-02T16:31:56.622Z", "is_active": true, "course": 15, "teacher": 11, "room": 4, "score": 2.9722222222222223, "section": 16, "shift": 1, "time_slot": [74]}}, {"model": "university.assignment", "pk": 13885, "fields": {"created_at": "2025-07-02T16:31:57.266Z", "updated_at": "2025-07-02T16:31:57.266Z", "is_active": true, "course": 17, "teacher": 15, "room": 8, "score": 2.9846938775510203, "section": 18, "shift": 1, "time_slot": [62]}}, {"model": "university.assignment", "pk": 13886, "fields": {"created_at": "2025-07-02T16:31:57.305Z", "updated_at": "2025-07-02T16:31:57.305Z", "is_active": true, "course": 17, "teacher": 15, "room": 2, "score": 2.984375, "section": 18, "shift": 1, "time_slot": [76]}}, {"model": "university.assignment", "pk": 13887, "fields": {"created_at": "2025-07-02T16:31:57.898Z", "updated_at": "2025-07-02T16:31:57.898Z", "is_active": true, "course": 18, "teacher": 16, "room": 7, "score": 2.9907407407407405, "section": 19, "shift": 1, "time_slot": [81]}}, {"model": "university.assignment", "pk": 13888, "fields": {"created_at": "2025-07-02T16:31:57.936Z", "updated_at": "2025-07-02T16:31:57.936Z", "is_active": true, "course": 18, "teacher": 16, "room": 2, "score": 2.98, "section": 19, "shift": 1, "time_slot": [77]}}, {"model": "university.assignment", "pk": 13889, "fields": {"created_at": "2025-07-02T16:31:58.651Z", "updated_at": "2025-07-02T16:31:58.651Z", "is_active": true, "course": 19, "teacher": 17, "room": 4, "score": 2.9699999999999998, "section": 20, "shift": 1, "time_slot": [70]}}, {"model": "university.assignment", "pk": 13890, "fields": {"created_at": "2025-07-02T16:31:58.696Z", "updated_at": "2025-07-02T16:31:58.696Z", "is_active": true, "course": 19, "teacher": 17, "room": 7, "score": 2.9722222222222223, "section": 20, "shift": 1, "time_slot": [74]}}, {"model": "university.assignment", "pk": 13891, "fields": {"created_at": "2025-07-02T16:31:59.557Z", "updated_at": "2025-07-02T16:31:59.557Z", "is_active": true, "course": 20, "teacher": 25, "room": 8, "score": 2.25, "section": 21, "shift": 1, "time_slot": [80]}}, {"model": "university.assignment", "pk": 13892, "fields": {"created_at": "2025-07-02T16:31:59.609Z", "updated_at": "2025-07-02T16:31:59.609Z", "is_active": true, "course": 20, "teacher": 25, "room": 3, "score": 2.75, "section": 21, "shift": 1, "time_slot": [77]}}, {"model": "university.assignment", "pk": 13893, "fields": {"created_at": "2025-07-02T16:31:59.847Z", "updated_at": "2025-07-02T16:31:59.847Z", "is_active": true, "course": 21, "teacher": 29, "room": 2, "score": 2.9907407407407405, "section": 13, "shift": 1, "time_slot": [82]}}, {"model": "university.assignment", "pk": 13894, "fields": {"created_at": "2025-07-02T16:31:59.891Z", "updated_at": "2025-07-02T16:31:59.891Z", "is_active": true, "course": 21, "teacher": 29, "room": 2, "score": 2.9633333333333334, "section": 13, "shift": 1, "time_slot": [64]}}, {"model": "university.assignment", "pk": 13895, "fields": {"created_at": "2025-07-02T16:32:00.673Z", "updated_at": "2025-07-02T16:32:00.673Z", "is_active": true, "course": 22, "teacher": 27, "room": 4, "score": 2.9846938775510203, "section": 14, "shift": 1, "time_slot": [63]}}, {"model": "university.assignment", "pk": 13896, "fields": {"created_at": "2025-07-02T16:32:00.720Z", "updated_at": "2025-07-02T16:32:00.720Z", "is_active": true, "course": 22, "teacher": 27, "room": 4, "score": 2.9791666666666665, "section": 14, "shift": 1, "time_slot": [75]}}, {"model": "university.assignment", "pk": 13897, "fields": {"created_at": "2025-07-02T16:32:00.862Z", "updated_at": "2025-07-02T16:32:00.862Z", "is_active": true, "course": 23, "teacher": 1, "room": 3, "score": 2.9907407407407405, "section": 15, "shift": 1, "time_slot": [64]}}, {"model": "university.assignment", "pk": 13898, "fields": {"created_at": "2025-07-02T16:32:00.905Z", "updated_at": "2025-07-02T16:32:00.905Z", "is_active": true, "course": 23, "teacher": 1, "room": 7, "score": 2.9633333333333334, "section": 15, "shift": 1, "time_slot": [75]}}, {"model": "university.assignment", "pk": 13899, "fields": {"created_at": "2025-07-02T16:32:00.955Z", "updated_at": "2025-07-02T16:32:00.955Z", "is_active": true, "course": 24, "teacher": 21, "room": 7, "score": 2.9907407407407405, "section": 18, "shift": 1, "time_slot": [63]}}, {"model": "university.assignment", "pk": 13900, "fields": {"created_at": "2025-07-02T16:32:01.000Z", "updated_at": "2025-07-02T16:32:01.000Z", "is_active": true, "course": 24, "teacher": 21, "room": 7, "score": 2.98, "section": 18, "shift": 1, "time_slot": [70]}}, {"model": "university.assignment", "pk": 13901, "fields": {"created_at": "2025-07-02T16:32:01.621Z", "updated_at": "2025-07-02T16:32:01.621Z", "is_active": true, "course": 25, "teacher": 32, "room": 8, "score": 2.9938016528925617, "section": 19, "shift": 1, "time_slot": [63]}}, {"model": "university.assignment", "pk": 13902, "fields": {"created_at": "2025-07-02T16:32:01.655Z", "updated_at": "2025-07-02T16:32:01.655Z", "is_active": true, "course": 25, "teacher": 32, "room": 3, "score": 2.9652777777777777, "section": 19, "shift": 1, "time_slot": [76]}}, {"model": "university.assignment", "pk": 13903, "fields": {"created_at": "2025-07-02T16:32:02.501Z", "updated_at": "2025-07-02T16:32:02.501Z", "is_active": true, "course": 26, "teacher": 33, "room": 8, "score": 2.9846938775510203, "section": 12, "shift": 1, "time_slot": [81]}}, {"model": "university.assignment", "pk": 13904, "fields": {"created_at": "2025-07-02T16:32:02.549Z", "updated_at": "2025-07-02T16:32:02.549Z", "is_active": true, "course": 26, "teacher": 33, "room": 9, "score": 2.9791666666666665, "section": 12, "shift": 1, "time_slot": [69]}}, {"model": "university.assignment", "pk": 13905, "fields": {"created_at": "2025-07-02T16:32:03.391Z", "updated_at": "2025-07-02T16:32:03.391Z", "is_active": true, "course": 26, "teacher": 34, "room": 9, "score": 2.9846938775510203, "section": 22, "shift": 1, "time_slot": [63]}}, {"model": "university.assignment", "pk": 13906, "fields": {"created_at": "2025-07-02T16:32:03.439Z", "updated_at": "2025-07-02T16:32:03.439Z", "is_active": true, "course": 26, "teacher": 34, "room": 8, "score": 2.9479166666666665, "section": 22, "shift": 1, "time_slot": [70]}}, {"model": "university.assignment", "pk": 13907, "fields": {"created_at": "2025-07-02T16:32:03.497Z", "updated_at": "2025-07-02T16:32:03.497Z", "is_active": true, "course": 28, "teacher": 22, "room": 4, "score": 2.9907407407407405, "section": 12, "shift": 1, "time_slot": [64]}}, {"model": "university.assignment", "pk": 13908, "fields": {"created_at": "2025-07-02T16:32:03.550Z", "updated_at": "2025-07-02T16:32:03.550Z", "is_active": true, "course": 28, "teacher": 22, "room": 4, "score": 2.9633333333333334, "section": 12, "shift": 1, "time_slot": [76]}}, {"model": "university.assignment", "pk": 13909, "fields": {"created_at": "2025-07-02T16:32:03.605Z", "updated_at": "2025-07-02T16:32:03.605Z", "is_active": true, "course": 28, "teacher": 22, "room": 9, "score": 2.9907407407407405, "section": 22, "shift": 1, "time_slot": [80]}}, {"model": "university.assignment", "pk": 13910, "fields": {"created_at": "2025-07-02T16:32:03.655Z", "updated_at": "2025-07-02T16:32:03.655Z", "is_active": true, "course": 28, "teacher": 22, "room": 8, "score": 2.98, "section": 22, "shift": 1, "time_slot": [75]}}, {"model": "university.assignment", "pk": 13911, "fields": {"created_at": "2025-07-02T16:32:03.812Z", "updated_at": "2025-07-02T16:32:03.812Z", "is_active": true, "course": 30, "teacher": 19, "room": 7, "score": 2.9938016528925617, "section": 13, "shift": 1, "time_slot": [76]}}, {"model": "university.assignment", "pk": 13912, "fields": {"created_at": "2025-07-02T16:32:03.860Z", "updated_at": "2025-07-02T16:32:03.860Z", "is_active": true, "course": 30, "teacher": 19, "room": 2, "score": 2.9652777777777777, "section": 13, "shift": 1, "time_slot": [83]}}, {"model": "university.assignment", "pk": 13913, "fields": {"created_at": "2025-07-02T16:32:03.922Z", "updated_at": "2025-07-02T16:32:03.922Z", "is_active": true, "course": 31, "teacher": 23, "room": 7, "score": 2.9907407407407405, "section": 14, "shift": 1, "time_slot": [64]}}, {"model": "university.assignment", "pk": 13914, "fields": {"created_at": "2025-07-02T16:32:03.977Z", "updated_at": "2025-07-02T16:32:03.977Z", "is_active": true, "course": 31, "teacher": 23, "room": 8, "score": 2.9633333333333334, "section": 14, "shift": 1, "time_slot": [76]}}, {"model": "university.assignment", "pk": 13915, "fields": {"created_at": "2025-07-02T16:32:04.249Z", "updated_at": "2025-07-02T16:32:04.249Z", "is_active": true, "course": 32, "teacher": 13, "room": 9, "score": 2.9938016528925617, "section": 14, "shift": 1, "time_slot": [70]}}, {"model": "university.assignment", "pk": 13916, "fields": {"created_at": "2025-07-02T16:32:04.300Z", "updated_at": "2025-07-02T16:32:04.300Z", "is_active": true, "course": 32, "teacher": 13, "room": 3, "score": 2.9791666666666665, "section": 14, "shift": 1, "time_slot": [82]}}, {"model": "university.assignment", "pk": 13917, "fields": {"created_at": "2025-07-02T16:32:05.117Z", "updated_at": "2025-07-02T16:32:05.117Z", "is_active": true, "course": 33, "teacher": 35, "room": 10, "score": 2.9938016528925617, "section": 15, "shift": 1, "time_slot": [70]}}, {"model": "university.assignment", "pk": 13918, "fields": {"created_at": "2025-07-02T16:32:05.169Z", "updated_at": "2025-07-02T16:32:05.169Z", "is_active": true, "course": 33, "teacher": 35, "room": 4, "score": 2.9791666666666665, "section": 15, "shift": 1, "time_slot": [82]}}, {"model": "university.assignment", "pk": 13919, "fields": {"created_at": "2025-07-02T16:32:06.136Z", "updated_at": "2025-07-02T16:32:06.136Z", "is_active": true, "course": 35, "teacher": 3, "room": 10, "score": 2.9846938775510203, "section": 16, "shift": 1, "time_slot": [69]}}, {"model": "university.assignment", "pk": 13920, "fields": {"created_at": "2025-07-02T16:32:06.199Z", "updated_at": "2025-07-02T16:32:06.199Z", "is_active": true, "course": 35, "teacher": 3, "room": 9, "score": 2.9791666666666665, "section": 16, "shift": 1, "time_slot": [75]}}, {"model": "university.assignment", "pk": 13921, "fields": {"created_at": "2025-07-02T16:32:07.128Z", "updated_at": "2025-07-02T16:32:07.128Z", "is_active": true, "course": 38, "teacher": 4, "room": 8, "score": 2.9907407407407405, "section": 16, "shift": 1, "time_slot": [64]}}, {"model": "university.assignment", "pk": 13922, "fields": {"created_at": "2025-07-02T16:32:07.187Z", "updated_at": "2025-07-02T16:32:07.187Z", "is_active": true, "course": 38, "teacher": 4, "room": 9, "score": 2.9633333333333334, "section": 16, "shift": 1, "time_slot": [76]}}, {"model": "university.assignment", "pk": 13923, "fields": {"created_at": "2025-07-02T16:32:08.068Z", "updated_at": "2025-07-02T16:32:08.068Z", "is_active": true, "course": 39, "teacher": 8, "room": 7, "score": 2.9938016528925617, "section": 16, "shift": 1, "time_slot": [82]}}, {"model": "university.assignment", "pk": 13924, "fields": {"created_at": "2025-07-02T16:32:08.120Z", "updated_at": "2025-07-02T16:32:08.120Z", "is_active": true, "course": 39, "teacher": 8, "room": 17, "score": 2.9791666666666665, "section": 16, "shift": 1, "time_slot": [70]}}, {"model": "university.assignment", "pk": 13925, "fields": {"created_at": "2025-07-02T16:32:08.980Z", "updated_at": "2025-07-02T16:32:08.980Z", "is_active": true, "course": 41, "teacher": 6, "room": 10, "score": 2.9938016528925617, "section": 17, "shift": 1, "time_slot": [76]}}, {"model": "university.assignment", "pk": 13926, "fields": {"created_at": "2025-07-02T16:32:09.035Z", "updated_at": "2025-07-02T16:32:09.035Z", "is_active": true, "course": 41, "teacher": 6, "room": 9, "score": 2.9652777777777777, "section": 17, "shift": 1, "time_slot": [62]}}, {"model": "university.assignment", "pk": 13927, "fields": {"created_at": "2025-07-02T16:32:09.861Z", "updated_at": "2025-07-02T16:32:09.861Z", "is_active": true, "course": 42, "teacher": 10, "room": 8, "score": 2.9955621301775146, "section": 17, "shift": 1, "time_slot": [82]}}, {"model": "university.assignment", "pk": 13928, "fields": {"created_at": "2025-07-02T16:32:09.908Z", "updated_at": "2025-07-02T16:32:09.908Z", "is_active": true, "course": 42, "teacher": 10, "room": 2, "score": 2.9812925170068025, "section": 17, "shift": 1, "time_slot": [71]}}, {"model": "university.assignment", "pk": 13929, "fields": {"created_at": "2025-07-02T16:32:10.819Z", "updated_at": "2025-07-02T16:32:10.819Z", "is_active": true, "course": 43, "teacher": 7, "room": 9, "score": 2.9938016528925617, "section": 18, "shift": 1, "time_slot": [81]}}, {"model": "university.assignment", "pk": 13930, "fields": {"created_at": "2025-07-02T16:32:10.874Z", "updated_at": "2025-07-02T16:32:10.874Z", "is_active": true, "course": 43, "teacher": 7, "room": 9, "score": 2.9791666666666665, "section": 18, "shift": 1, "time_slot": [64]}}, {"model": "university.assignment", "pk": 13931, "fields": {"created_at": "2025-07-02T16:32:11.726Z", "updated_at": "2025-07-02T16:32:11.726Z", "is_active": true, "course": 44, "teacher": 11, "room": 10, "score": 2.9955621301775146, "section": 18, "shift": 1, "time_slot": [80]}}, {"model": "university.assignment", "pk": 13932, "fields": {"created_at": "2025-07-02T16:32:11.779Z", "updated_at": "2025-07-02T16:32:11.779Z", "is_active": true, "course": 44, "teacher": 11, "room": 3, "score": 2.7193877551020407, "section": 18, "shift": 1, "time_slot": [71]}}, {"model": "university.assignment", "pk": 13933, "fields": {"created_at": "2025-07-02T16:32:12.770Z", "updated_at": "2025-07-02T16:32:12.770Z", "is_active": true, "course": 48, "teacher": 15, "room": 10, "score": 2.9846938775510203, "section": 20, "shift": 1, "time_slot": [63]}}, {"model": "university.assignment", "pk": 13934, "fields": {"created_at": "2025-07-02T16:32:12.830Z", "updated_at": "2025-07-02T16:32:12.830Z", "is_active": true, "course": 48, "teacher": 15, "room": 17, "score": 2.9791666666666665, "section": 20, "shift": 1, "time_slot": [69]}}, {"model": "university.assignment", "pk": 13935, "fields": {"created_at": "2025-07-02T16:32:13.581Z", "updated_at": "2025-07-02T16:32:13.581Z", "is_active": true, "course": 56, "teacher": 16, "room": 9, "score": 2.9955621301775146, "section": 19, "shift": 1, "time_slot": [82]}}, {"model": "university.assignment", "pk": 13936, "fields": {"created_at": "2025-07-02T16:32:13.628Z", "updated_at": "2025-07-02T16:32:13.628Z", "is_active": true, "course": 56, "teacher": 16, "room": 10, "score": 2.9812925170068025, "section": 19, "shift": 1, "time_slot": [62]}}, {"model": "university.constraintype", "pk": 1, "fields": {"created_at": "2025-05-06T00:53:17.063Z", "updated_at": "2025-05-06T00:53:17.065Z", "is_active": true, "name": "Hard"}}, {"model": "university.constraintype", "pk": 2, "fields": {"created_at": "2025-05-06T00:53:17.063Z", "updated_at": "2025-05-06T00:53:17.065Z", "is_active": true, "name": "Soft"}}, {"model": "university.constrain", "pk": 2, "fields": {"type": 2, "condition": "respect teacher preferred courses", "description": "", "severity": "High", "score_weight": 3.0, "is_active": false}}, {"model": "university.constrain", "pk": 3, "fields": {"type": 2, "condition": "respect teacher preferred slots", "description": "", "severity": "High", "score_weight": 3.0, "is_active": false}}, {"model": "university.constrain", "pk": 4, "fields": {"type": 2, "condition": "Load balancing between teacher", "description": "", "severity": "High", "score_weight": 1.5, "is_active": false}}, {"model": "university.constrain", "pk": 5, "fields": {"type": 2, "condition": "minimize teacher slot gap", "description": "", "severity": "High", "score_weight": 1.0, "is_active": true}}, {"model": "university.constrain", "pk": 6, "fields": {"type": 2, "condition": "minimize section slot gap", "description": "", "severity": "High", "score_weight": 3.0, "is_active": true}}, {"model": "university.constrain", "pk": 11, "fields": {"type": 2, "condition": "prioritize early slots", "description": "", "severity": "High", "score_weight": 1.0, "is_active": false}}, {"model": "university.constrain", "pk": 12, "fields": {"type": 2, "condition": "day balancing slots allocation", "description": "", "severity": "High", "score_weight": 3.0, "is_active": true}}, {"model": "university.constrain", "pk": 13, "fields": {"type": 2, "condition": "prioritize rooms with fewer assignments", "description": "", "severity": "High", "score_weight": 1.5, "is_active": false}}, {"model": "university.constrain", "pk": 14, "fields": {"type": 1, "condition": "one teacher per course", "description": "", "severity": "High", "score_weight": 100.0, "is_active": true}}, {"model": "university.constrain", "pk": 15, "fields": {"type": 1, "condition": "cross department teacher", "description": "", "severity": "High", "score_weight": 100.0, "is_active": true}}, {"model": "university.constrain", "pk": 16, "fields": {"type": 1, "condition": "enforce teacher max weekly load", "description": "", "severity": "High", "score_weight": 1.0, "is_active": true}}]